UUID,Title,First Name,Last Name,Street Address,Barangay,Municipality,Province,Country,Phone Number,Mobile Number,Company Name,Company Website,Job Title,Favorite Color,Birthdate,Email Address,Password
6acd6f9b-7a9d-390c-9b1b-323d3601ade6,Mrs.,Creola,Rice,"35A Schmidt Fords Apt. 557",deleniti,Lucena,Kansas,Tuvalu,767-914-043,973-950-116,"Jacobs Group",http://feest.net/,"Gas Distribution Plant Operator",BurlyWood,1976-11-03,ljerde@baumbach.org,Z7d&^3(1c:a)9QvKiO.j
f2053f3d-48a9-33fb-9ff3-cc8ff0dda4a2,Ms.,Maurice,Cronin,"71 McGlynn Fords",in,Naga,Ohio,"Solomon Islands",471-382-037,005-956-887,"Langworth, Boehm and Hegmann",https://www.ferry.com/esse-dolor-repellat-neque-neque-odit-id,"Communication Equipment Repairer",Wheat,2018-04-08,oreilly.steve@yahoo.com,>51wJ$pT
4d64c192-8554-3c6e-925a-c1954dcfcb7f,Dr.,Freddy,Gislason,"43/72 Waelchi Green",tempora,Naga,"New York",Romania,741-716-162,779-939-673,"Corwin, Pollich and Goodwin",http://www.swaniawski.com/magnam-enim-blanditiis-aspernatur-quia-incidunt-nostrum-similique,"Soil Scientist OR Plant Scientist",PeachPuff,1975-10-21,diego.crist@kuvalis.net,",ZOy}]cFxeP"
3f5b8011-64f1-3887-901d-359900b295da,Dr.,Wilhelm,Sawayn,"08A/73 Stracke Knoll Apt. 778",corrupti,Bayugan,Delaware,Israel,577-680-113,677-372-605,Corkery-Reichel,https://skiles.com/aliquid-voluptate-architecto-sunt-laudantium-ex-et.html,"Financial Manager",NavajoWhite,2022-02-25,schuppe.jacey@wyman.info,]Ar^KD6XEqEdOLE{u1D
22cf0f9a-795c-308e-9501-becf779e1bb8,Prof.,Caleigh,Gutmann,"50 Bednar View Apt. 858",eligendi,Malolos,Georgia,France,066-958-097,649-144-762,"West LLC",https://fay.com/repellendus-voluptate-aut-dolores.html,"Drywall Installer",LightSalmon,1992-02-02,edibbert@nicolas.com,$Lm>t==Dt2)
10209847-ae7d-340c-bd89-d72dac3b3695,Dr.,Isabelle,Kertzmann,"24 Hegmann Dam Apt. 602",blanditiis,Malabon,Wyoming,"Bouvet Island (Bouvetoya)",685-244-973,419-715-783,"Mosciski, Witting and Durgan",https://herman.com/alias-omnis-nulla-ut-odio-dicta.html,"MARCOM Director",SkyBlue,1974-07-12,clemmie.raynor@gusikowski.com,"yM\]{vcHH"
490b3f5a-0a40-31c8-9c3e-f72a55830948,Ms.,Clifford,Lehner,"54/79 Gulgowski Crossroad Suite 956",in,Lapu-Lapu,Pennsylvania,"Northern Mariana Islands",343-249-344,283-742-790,"Upton Ltd",http://reinger.info/quidem-tempora-reprehenderit-nihil-nulla-aliquid.html,"Food Service Manager",DarkGoldenRod,1985-11-06,hagenes.jewell@hotmail.com,"(C>_,VK%>^s|"
6be987d0-7b09-32ea-a830-5bd480765038,Miss,Gage,Ratke,"50/22 Hoeger Bridge",neque,Bago,Florida,Argentina,671-992-080,756-055-660,"Quitzon Ltd",http://www.ullrich.com/eum-est-nam-et-totam-est-in,"Poultry Cutter",DarkSlateBlue,2009-03-29,jaylin12@gmail.com,Dk_Q;px%Z52^8
45986767-5445-3d3a-b25b-d5bd40f5855a,Ms.,Boyd,D'Amore,"71/19 Schaden Course",qui,Naga,Illinois,Gabon,115-479-706,737-626-975,"Friesen PLC",http://bogan.biz/fuga-vel-quia-exercitationem-iste-dolor-qui,"Religious Worker",Olive,2007-07-08,anita.brown@hotmail.com,j6Kv]5phF@T[XsZ-6s]d
bb3d92f9-dbf9-3233-8acf-4319817799dc,Miss,Wilton,Cartwright,"40A/90 Welch Estate Apt. 567",modi,Malaybalay,"New Jersey",Gibraltar,898-114-317,846-625-642,"Weissnat, Reinger and Luettgen",http://www.fadel.org/,"Life Science Technician",SlateGray,1980-12-22,emory.stark@daugherty.com,"r""/)Omn)ZYruPPg"
83dc7253-17e0-3ba2-9631-7652676b8b5a,Prof.,Ole,Marvin,"50 Bailey Summit",corrupti,Victorias,Mississippi,"New Caledonia",404-653-401,351-121-293,Farrell-Heidenreich,https://parker.com/aut-dicta-quo-sed-et-ipsum-non-assumenda-a.html,"Multiple Machine Tool Setter",Red,1989-08-28,hal.wisoky@koepp.com,"1fQNGd=GH_,?/RQ'V&"
4fc47640-000c-365d-8cd4-8dbdc1d6ea52,Dr.,Zelda,Hyatt,"20A Pacocha Port Apt. 165",consequuntur,Bago,Minnesota,Tunisia,348-922-560,635-398-684,"Ruecker, Schmeler and Huel",http://www.padberg.com/natus-facilis-magni-ut-tenetur-similique.html,"Credit Checkers Clerk",Magenta,2011-04-18,claudia.kemmer@orn.com,"c55\!@WK`B.'Z"
2de6250c-5ec0-3035-9caf-bf6ceed4917d,Mrs.,Martine,Lakin,"72/19 Emard Forks",nulla,Biñan,Wisconsin,Djibouti,545-175-837,700-232-062,"Dickens, Barrows and Mayert",http://www.swaniawski.info/,"Gaming Surveillance Officer",LightGray,1992-08-30,donato10@erdman.net,"?B\/DneiK""F</Amj}hF}"
23397994-dec9-3b4c-9caf-37546f4398d4,Prof.,Mariam,Lehner,"26 Keeling Crossroad Apt. 501",tenetur,Butuan,Idaho,Malta,539-932-665,981-783-140,"Schamberger, Beier and Johnson",http://hermiston.com/molestiae-quae-perspiciatis-quibusdam-omnis-neque-quia-ullam,"Software Engineer",PeachPuff,1979-08-06,rspinka@mayert.com,"ZnO7c?7cRNnb[\]uSS6"
4f5b1dcb-b091-3ddb-8667-e4571948a707,Prof.,Angel,Kuhic,"50/11 Barton Center Suite 449",animi,Antipolo,"New Jersey",Bahrain,065-812-063,012-947-973,"Keebler Ltd",http://torp.com/eveniet-qui-ipsam-quas-magni-ut-sit,"Petroleum Pump Operator",DarkCyan,2007-02-28,lera.wehner@spinka.com,vb$(yCbqd[QD
a5f8717a-5dc5-3ccb-bbe8-958531abcc67,Mr.,Angel,Schoen,"41A Hoppe Burg Suite 941",est,Silay,Oregon,Burundi,147-511-623,820-095-952,"Raynor Inc",http://auer.biz/,Pipelayer,CornflowerBlue,1994-07-04,huel.gwendolyn@prohaska.com,*uoxj=Ua(_4l@YuTm9p
dca69a8d-933a-399e-8665-f5aae1c4a04f,Ms.,Salma,Lueilwitz,"13/54 Erdman Gateway",nostrum,Olongapo,Utah,Uruguay,936-541-219,358-564-628,"Champlin Group",http://powlowski.com/tempora-distinctio-occaecati-doloremque-sed-provident,"Coating Machine Operator",Azure,2016-11-27,constantin.conn@yahoo.com,kteA.>~A!5&$
5a874fbb-1e4c-3813-8bbb-3a1eba79a8ba,Ms.,Carli,Christiansen,"62 Gorczany Path Apt. 988",qui,Palayan,Hawaii,Kiribati,050-298-987,621-423-215,"Leffler Ltd",http://www.hilpert.biz/ut-fugiat-voluptates-rerum-sunt-et-dolores-non-rem,"Dental Hygienist",PaleGreen,1979-04-27,ava.streich@robel.com,=tR>FAb10d
09a60f75-9295-35c6-b1e3-b3858f9e8187,Dr.,Felipa,Rau,"33A Fahey Shoals",perferendis,Calbayog,Nebraska,Eritrea,032-683-195,798-033-920,"Douglas, Lowe and Mante",http://www.larson.com/,"Funeral Director",MediumBlue,1999-06-10,nola.ruecker@yahoo.com,",UE4k4-)"
230a7a87-1f3c-388b-809c-08f25686694e,Mr.,Catharine,Halvorson,"56/71 Smith Greens Apt. 165",aut,Antipolo,Connecticut,Albania,101-085-088,333-777-195,"Howell LLC",https://cormier.org/praesentium-enim-voluptas-omnis-suscipit.html,"Veterinary Technician",MistyRose,2003-08-22,hellen09@yahoo.com,DuAJ3<1x
153c76c6-ad9b-3b96-8953-d62e5bf5bb10,Mr.,Vern,Hand,"52 Conn Fork Suite 058",modi,Ilagan,"New Jersey",Nigeria,570-923-677,474-027-880,"Schinner and Sons",http://marks.net/similique-voluptates-soluta-qui-a-tempora-accusamus-aliquam-rerum,"Explosives Expert",YellowGreen,1987-06-18,olson.ayden@gmail.com,"vZ/""mFBbA5v!^"
4f36ffc2-764e-35b4-b5f1-7dbce6d5c3d9,Dr.,Nels,Turner,"05A/75 Harber Circles",aut,Baybay,California,"Pitcairn Islands",995-726-088,435-811-192,Swift-Vandervort,https://dicki.biz/voluptate-dolores-et-modi.html,"Food Science Technician",Violet,1975-11-01,hmitchell@gmail.com,"rtUHZ""Q/f*>L"
ae163bff-e7e2-3d73-9200-3d8fee129f4e,Mr.,Elton,Lang,"72A Bogisich Gardens Suite 862",esse,Roxas,"New York","Svalbard & Jan Mayen Islands",714-820-843,726-160-168,"Grant, Boehm and Baumbach",http://harris.org/,"Financial Manager",DarkCyan,2015-10-25,magdalen.langosh@littel.com,B_xtyv;cjo>z1;)XO.]
057b4974-97c9-3dab-aff9-ddff2695fa9c,Prof.,Rhoda,Cruickshank,"88A/10 Beatty Brook",magni,Escalante,Virginia,"Antarctica (the territory South of 60 deg S)",244-222-168,054-167-004,"Senger, Batz and Boehm",http://stark.com/facere-maxime-cumque-nesciunt-sint-atque,"Fraud Investigator",SandyBrown,1988-12-12,wilfredo.funk@gmail.com,4op.88ymi/:
5e2bbab2-7466-373d-996f-468e397c1ca9,Miss,Gregorio,Hahn,"61/46 Schneider Throughway Apt. 800",voluptatem,Roxas,Pennsylvania,Iceland,146-661-097,762-768-309,Harris-Murazik,http://hoeger.biz/quibusdam-non-reprehenderit-ut-et-nostrum-tenetur,"Library Technician",Cornsilk,1982-09-03,schumm.josiah@mcclure.com,6>ge<U_:3.
52f2a0a9-1256-3cce-9d86-54711ae605b9,Dr.,Michelle,Brakus,"44 Cole Row Suite 353",quia,Escalante,"New Jersey",Burundi,776-110-045,115-383-943,"Dach Ltd",https://www.dooley.biz/inventore-quis-deleniti-ratione-vitae-eveniet-vero-possimus-quo,"Construction Equipment Operator",MediumAquaMarine,1977-04-02,gia.watsica@hotmail.com,l4>Q0iFYl2]GmHm
a3cb0e14-2ece-31a1-9123-258e209af41f,Mrs.,Meredith,Lakin,"40A/39 Legros Garden Suite 370",maiores,Imus,Arizona,Cameroon,239-831-685,382-752-671,"Ratke, Bartoletti and Block",http://www.kiehn.net/dolore-ab-sit-neque-quas-accusamus-impedit-ipsum.html,"Food Cooking Machine Operators",DarkSlateBlue,2010-10-09,yoshiko51@champlin.com,VkGY>ZSQa@u
53ede063-eb92-3922-81c9-0bcefc5da1cf,Mr.,Katelynn,Ernser,"17 King Brooks",voluptatem,Parañaque,"District of Columbia","Cook Islands",288-179-941,092-829-360,Stehr-Cole,https://www.lakin.com/quos-magni-et-velit-recusandae,"Architectural Drafter OR Civil Drafter",LawnGreen,1986-12-26,fiona.koss@kiehn.com,"\70u>I|3N]C^T(\Rs_w'"
f1238d3c-ba9c-393d-998f-24aa7659fe72,Mrs.,Josue,Jast,"38A/64 Kutch Burg Apt. 669",voluptatum,Tabaco,Louisiana,Niue,030-541-529,879-963-250,"Morar Inc",http://www.terry.com/animi-accusamus-fugiat-et-voluptatibus-qui-libero.html,"Automotive Glass Installers",Lavender,1970-04-01,vschmitt@yahoo.com,"g,Q;BFO{xod$"
e0b32952-62d1-3b74-a171-7c17cdda6cbd,Mrs.,Rosie,Boyer,"49A Ullrich Manors",ut,Laoag,Hawaii,Netherlands,332-419-581,359-101-451,"Parker PLC",http://oconnell.com/id-soluta-qui-distinctio-officia-quaerat-nesciunt-quia.html,"Animal Care Workers",HotPink,1987-06-16,shanelle16@gmail.com,]=Zo>^#
8db28b4f-7f85-35a6-a4c7-27c06e210ed8,Miss,Stanley,Stokes,"53 Klein Canyon Suite 949",rerum,Bayawan,Hawaii,"United States Virgin Islands",059-158-876,319-002-161,"Ledner LLC",http://corkery.com/sapiente-repellat-provident-voluptates-non-dolor-modi,Manicurists,GhostWhite,2023-04-02,dashawn66@mills.info,"]He6$u#},hQYOkih-U"
5ba93020-15d3-37b3-86b1-718fb5006a12,Prof.,Oda,Streich,"62 Leffler Way",eveniet,Tagaytay,Nevada,Palau,721-572-002,799-107-841,"Davis Inc",http://www.walsh.com/,"Machinery Maintenance",Ivory,1991-07-20,mandy68@yahoo.com,$hFO56E';;.D>h`g
6fcfb266-05e3-3332-a40d-652eed58673d,Prof.,Terrill,Maggio,"38 Howe Burgs Suite 015",id,"Las Piñas",Idaho,"Wallis and Futuna",909-746-452,092-438-586,"Will Inc",https://nitzsche.com/deleniti-sed-vel-quam.html,"Petroleum Pump Operator",Ivory,2013-02-01,berniece41@gmail.com,"1+D+\PFyKc^h"
e811d7fb-3631-397e-95ac-19db816e30d3,Mr.,Keshaun,Schowalter,"60 Cremin Mall Apt. 945",quia,Lucena,Michigan,Mexico,782-489-577,376-775-273,"Frami, Graham and Feeney",http://kiehn.com/,"Welding Machine Tender",CadetBlue,2015-05-27,justice.skiles@okon.com,"+5hk^16[ZZ3U""Qi%JL"
53f55580-a4f7-3d71-a679-bda7e13d86a6,Dr.,Elisha,Bradtke,"77 Blanda Islands Suite 303",accusantium,Borongan,Tennessee,Nepal,175-888-510,527-631-699,Rath-Wiegand,http://www.schroeder.com/incidunt-quam-quia-eaque-voluptates-itaque-facere,"Lawn Service Manager",Gray,1992-06-27,ewest@kerluke.com,gcFLExFx.Ew>?
cc15fa4f-180d-3c7b-b0c2-998b2a9e3229,Dr.,Rowena,McCullough,"98A/64 Brakus Extension",voluptas,Dasmariñas,Wisconsin,"Equatorial Guinea",618-284-227,291-411-930,"Dooley and Sons",http://www.johns.com/corrupti-ut-rerum-voluptas-dolorum-voluptas,"Computer Operator",DarkBlue,1999-01-27,emmitt82@yahoo.com,2VF1Hd0_ebP
ab37d1ef-7fd7-30b8-920c-2d12666885e5,Prof.,Mortimer,Welch,"16 Padberg Plaza Apt. 570",minus,Santiago,Illinois,Spain,554-368-548,464-523-024,Cormier-Jaskolski,http://www.herzog.com/numquam-vel-corporis-quaerat,"Optical Instrument Assembler",GreenYellow,1975-04-26,lhessel@hotmail.com,rt*St]:0(O1Eya!
f15aefbb-d6e4-3b3e-ad82-2aa4fa3af83f,Mr.,Abel,Dickinson,"46A/96 Rutherford Spurs Suite 864",perferendis,Digos,California,Jordan,907-794-120,553-292-182,"Pacocha PLC",http://www.borer.info/velit-facilis-ut-aut-alias-aut-voluptatem-ratione,"Annealing Machine Operator",Lavender,1994-02-22,xdach@balistreri.com,8yzgKZ:bT>qEdmd
c8faf365-2c74-3c4c-9173-178573b468a0,Ms.,Noel,Heathcote,"72/22 Hermiston Shoal",quis,Ilagan,Nebraska,Italy,039-724-926,084-701-827,"Deckow Inc",http://www.gaylord.com/aut-enim-libero-aut,"Drywall Ceiling Tile Installer",OliveDrab,1976-04-20,stoltenberg.lester@abbott.com,"I2=lffB1\y:_aa|^"
2c302d61-b6b7-3990-849e-d57963119c02,Dr.,Athena,O'Keefe,"74 Daugherty Island Suite 292",qui,Muntinlupa,Wyoming,Iceland,912-722-678,016-520-871,"Denesik PLC",http://yost.com/,"City Planning Aide",Khaki,2007-11-30,hudson04@hotmail.com,6dsO1Y~Aii7
39ea6710-4ce3-3d86-8653-d7ddeca3846b,Mr.,Dandre,Bins,"94 Williamson Haven",voluptatibus,Urdaneta,Kansas,Greece,301-492-512,118-595-423,"Bernhard, Schowalter and Parker",http://www.hegmann.com/et-aut-ex-debitis-est-voluptate-accusamus-qui.html,"Athletic Trainer",LightSlateGray,1990-08-26,blaze.gleason@gmail.com,GIAC`^ozY;+}Xs$dM&
b8fb85cb-08c6-3057-8624-3d1da50f48d0,Ms.,Mateo,Wunsch,"26/78 Hansen Cove",aperiam,Gingoog,Pennsylvania,Hungary,112-042-346,849-304-848,"Swaniawski and Sons",https://schiller.com/et-recusandae-impedit-et-qui-autem-perferendis.html,"Roof Bolters Mining",DarkSlateBlue,2020-03-23,dorthy69@fahey.com,vUD$yDx]9{Zb&Xf
8edae2b6-810e-3151-b9f4-fa151e114dd9,Mr.,Theo,Altenwerth,"18 Pouros Rapids Suite 297",ullam,Dumaguete,Arizona,Comoros,316-679-651,515-425-149,"Huel Group",http://collins.org/natus-repudiandae-quia-numquam-ut-dolorum,Audiologist,Navy,2020-07-15,hernser@hotmail.com,g*#p[x-?8UQ9XeuXc
f58a49b8-4132-31f4-bc59-1c70567cad6b,Mr.,Miller,Erdman,"95A/00 Beahan Fields Suite 545",saepe,Ilagan,Arizona,Spain,461-101-441,011-335-416,Waelchi-Streich,http://labadie.com/molestiae-nobis-architecto-ea-totam,"Stationary Engineer OR Boiler Operator",Orchid,1972-03-18,vandervort.cortney@klocko.info,1Ep7Yl^.iQ5=v
f0acb9c8-f096-317d-a91d-abba5ae63bef,Prof.,Brock,Koelpin,"30A Rice Tunnel",eaque,"Cagayan de Oro",Kentucky,Gibraltar,288-857-065,210-636-141,"Pagac, Conroy and Hamill",https://www.greenfelder.info/error-dolorum-enim-provident,"Communications Teacher",LimeGreen,1982-04-15,ibergnaum@schulist.com,%|uy8>S/Bz8
a44b6160-463a-391e-88b3-88227a9b26f5,Ms.,Imogene,Robel,"78A/28 Gislason Squares",voluptas,Tacloban,"New Mexico",Greece,711-269-058,464-881-944,"Flatley PLC",http://www.schumm.biz/dicta-molestias-iure-aperiam-eveniet-vitae-nobis-qui,"Lodging Manager",Silver,1980-07-13,joy.cremin@luettgen.biz,"zpu>{-`u""mZ(8gQ:ogB"
96572b5a-890c-3c79-a5a4-9c08d632a0c7,Prof.,Ilene,Ankunding,"17A Terry Circle Suite 520",ut,"Masbate City",Alabama,Germany,146-684-905,770-316-429,"Heller and Sons",http://wolff.info/dolores-rerum-magni-tempora-ratione-est,"Purchasing Manager",DarkViolet,2008-07-18,schiller.travon@gutkowski.com,"M#k,olX**{"
e48f003c-da8a-3110-a95e-2fce47d3d24c,Prof.,Vernice,Shanahan,"66A Hills Drive",iusto,Dapitan,Delaware,Haiti,145-099-458,520-880-367,Leannon-Prosacco,http://haley.com/deleniti-rerum-est-quidem-ipsa-sed-voluptas.html,"Interpreter OR Translator",Khaki,1988-04-06,bdenesik@yahoo.com,"Iso5,GetEjseDl83Iu"
94ace941-bcfd-3473-b302-9e83bc331d82,Ms.,Eric,Lockman,"29/51 Toy Land",excepturi,Isabela,"North Carolina",Peru,143-416-613,277-723-139,Cummerata-Buckridge,http://www.stehr.com/qui-veniam-magnam-itaque-velit-dolore-non-ullam,"Data Entry Operator",HoneyDew,2005-06-11,vince.morar@gmail.com,$Ss@UD
877b2cc2-dbc5-3cc4-9ada-df26b90e2924,Miss,Gerald,Hills,"61A Klein Causeway Apt. 863",nam,"Batangas City",Massachusetts,Iran,848-337-554,192-372-391,Jones-Hintz,http://www.jast.com/doloremque-et-sed-et-quae,"Wholesale Buyer",DarkSeaGreen,2007-06-17,oscar.cremin@satterfield.com,coN4wtJh/J
27a67f41-8806-3e30-abfa-ced947ffb0be,Ms.,Katelynn,Wyman,"59A Goldner Hills",natus,"El Salvador","West Virginia",Taiwan,185-768-108,897-156-487,Stamm-Mitchell,http://murazik.com/,"Pantograph Engraver",DarkSlateGray,1975-07-08,udamore@hotmail.com,]I%SjKZiB2
02e3364a-b726-3960-a267-bef6bdfc720f,Dr.,Natasha,McKenzie,"78A/75 VonRueden Tunnel Apt. 381",non,Cabanatuan,"South Carolina",Panama,747-605-160,016-522-540,Baumbach-Williamson,http://trantow.com/,"Police and Sheriffs Patrol Officer",LightSkyBlue,1989-01-19,goldner.zoie@bergnaum.biz,"VssB`9Tq>!,iT];[A"
eb9d0904-6c32-31f5-97b6-acf4c2ee2fb9,Dr.,Stephan,Mueller,"17A Heller Tunnel Apt. 356",corporis,Toledo,Mississippi,Cuba,612-359-122,713-507-279,Daugherty-Metz,http://www.haag.com/nemo-voluptas-aut-expedita-mollitia-quisquam-et,"Instructional Coordinator",MediumVioletRed,1984-01-15,lucinda.osinski@schmitt.info,|'kPPbIc2+.]HY
d5c0013c-c383-34c1-9571-d226eee043a8,Mr.,Shawna,Schmidt,"64A Frami Inlet",dignissimos,Malaybalay,Wisconsin,Kuwait,851-333-534,540-195-861,"Grimes, Daugherty and Hagenes",http://welch.info/et-explicabo-voluptate-aut-ipsam.html,"Percussion Instrument Repairer",Indigo,2019-06-19,kuhic.edward@hahn.com,.0=-ZKr~g
6e40d97e-e41f-3f1a-a731-bc8b4e3ed6a2,Dr.,Eden,Pouros,"71A/59 Hermiston Hills Suite 349",repudiandae,Kabankalan,"South Carolina",France,600-845-836,925-487-873,"Robel, Weber and Langosh",http://auer.org/,"Exhibit Designer",LawnGreen,2010-09-01,viva.schamberger@hotmail.com,"##7{*]b}""k)_4t)"
5662ca70-74e9-3350-9d96-d5613b8874ca,Ms.,Noe,Cole,"23 Kuhic Coves Apt. 844",ut,Gingoog,Pennsylvania,Iceland,464-536-076,154-028-807,"Schaefer, Bechtelar and Okuneva",https://nolan.net/iusto-saepe-est-id-laboriosam-placeat.html,"Network Systems Analyst",DarkSalmon,2019-07-09,dfadel@moen.info,3@a7tcQ
0919de59-36a2-3010-80da-429d31c8ff15,Prof.,Johan,Rempel,"61A/86 Rippin Stravenue",reprehenderit,Batac,Nebraska,Aruba,633-348-999,105-367-306,"Walsh Inc",http://www.ebert.org/veniam-praesentium-a-dolor-quia-quod-repellat-aut,"Mental Health Counselor",Cornsilk,1983-06-15,vanessa60@gmail.com,g[ESn~6.KX[D8c
64e1415e-fb90-3aa2-b470-2979e3001573,Dr.,Blaze,Runte,"86 Schuppe Shores",qui,"Masbate City","North Dakota","Isle of Man",833-849-912,572-800-345,Becker-Hegmann,http://www.kemmer.org/culpa-molestiae-et-non-iure-facere-et-eos.html,"Plating Operator",SeaGreen,2001-05-23,holden07@lemke.org,Wdr9G(B@B
9f523ee1-823e-38d5-9f4f-86535ae2db04,Prof.,Israel,Streich,"91A Dooley Well Suite 674",maiores,"Surigao City","North Dakota","San Marino",149-177-664,304-741-850,"Beatty LLC",http://www.gleichner.com/itaque-deserunt-perspiciatis-dolor-quod-tempora-enim,Designer,SlateBlue,2011-11-26,uzemlak@haag.net,"g,+)p?@8YH:/ZK5=xvJ"
f901f32d-5b0e-324d-93f6-7228fcaa83ea,Prof.,Angelita,Daugherty,"08A Rolfson Forks",saepe,Naga,"North Carolina",Belize,065-484-319,681-746-345,Labadie-Steuber,http://www.jacobson.biz/tenetur-numquam-delectus-reiciendis,Home,SeaGreen,2017-09-10,gregoria12@yahoo.com,*cj]r}
1a8759bc-32d4-32b3-a9b2-ddbd47f489f4,Prof.,Beryl,Wisoky,"47A Hahn Plains Apt. 501",quibusdam,Talisay,Alaska,"Syrian Arab Republic",921-130-378,250-984-339,"Hackett Ltd",http://www.botsford.info/tenetur-dolor-fugiat-iusto-eum-cum-et-perferendis-quibusdam,Anesthesiologist,HoneyDew,1993-02-20,spencer.antoinette@mante.com,")_-I}kr@x68_pr)g)O,8"
5905b598-f6dd-39f0-aa29-8f7a491bca0a,Prof.,Enoch,Schneider,"34 O'Keefe Club Apt. 571",ipsum,Valenzuela,Maryland,Korea,055-181-798,903-336-613,"Konopelski LLC",https://www.pfeffer.info/nostrum-explicabo-nemo-in-laboriosam-provident-possimus-laborum-animi,Surveyor,Red,1998-07-12,wilbert44@steuber.com,Hf+GwMg{2dU.YS<@
a56e113a-902b-31c5-9d82-159f3e6d56bd,Mr.,Benedict,Rowe,"61A/66 Miller Trace",maxime,Iriga,Georgia,Latvia,675-049-968,895-631-571,"Macejkovic Ltd",http://mraz.net/tempore-inventore-impedit-aut-consequuntur-consectetur-similique,"Marine Engineer",Gold,1981-07-07,stokes.itzel@mueller.com,g$K7ln
cdfd0f13-95bb-39c3-b4b3-3c5fa2fda2b9,Ms.,Beatrice,Lehner,"53A/39 Leffler Stream Suite 926",dolores,Parañaque,Utah,Uganda,025-238-498,414-819-566,Adams-Schaefer,http://moen.com/tempore-impedit-hic-optio.html,"Private Sector Executive",DarkCyan,1996-07-01,skiles.bertha@streich.com,"V*![\25i.t~9Icwkf7"
cfd639ab-b83f-37ae-8367-2ca5a9667cc6,Prof.,Markus,Franecki,"33A Smitham Greens Apt. 510",qui,"El Salvador",Arizona,Grenada,016-194-817,234-555-776,"Hagenes, Pfeffer and Reilly",http://champlin.info/reiciendis-cumque-qui-sed-dolore-est-suscipit-sit,"Precision Lens Grinders and Polisher",Gainsboro,1994-05-08,nolan.amber@yahoo.com,t&Dhs#NWe>
7d6cbcdf-1f68-3f32-9d80-1992325b7aef,Mrs.,Lyla,Kuphal,"71A Christiansen Fall Apt. 175",sunt,Ilagan,Florida,Guinea,004-084-642,039-049-644,"Okuneva, Fay and Schumm",http://block.com/explicabo-dolore-quibusdam-doloribus-sint-beatae-hic-consequatur-illo,Plumber,Navy,2021-11-17,deontae.oreilly@hotmail.com,66_u~$H
f4a1eba7-d804-33b0-8d5c-cdcf22194947,Mrs.,Joey,Mante,"49/14 Satterfield Mountain Apt. 710",perferendis,"Masbate City",Washington,Brazil,150-728-811,816-759-604,Upton-Murazik,http://boyer.com/accusamus-enim-asperiores-fuga-deserunt-corporis,Internist,Navy,2011-02-15,okeefe.keon@gmail.com,"Gjxlf""F8%e1&]Hc"
668295af-b119-3455-a137-ea4bc1259955,Dr.,Glennie,Howell,"58A/92 Von Rapids Suite 020",error,"San Pedro",Arkansas,Mexico,014-878-641,777-944-128,Kessler-Runolfsdottir,http://rau.com/optio-repellat-porro-necessitatibus-vel-adipisci-odio,"Auxiliary Equipment Operator",YellowGreen,1989-09-19,runte.marguerite@rowe.biz,2ege5fBIauYr
b3e7216f-5ec7-3943-aefe-3a2b1db982ac,Mr.,Conrad,Douglas,"17/81 Okuneva Points Apt. 665",dolor,Muñoz,Nevada,Timor-Leste,778-528-415,399-296-217,Becker-Simonis,http://medhurst.com/qui-vitae-rerum-suscipit-consequatur-explicabo-esse-sint,"Biomedical Engineer",SpringGreen,2002-11-16,chyatt@gmail.com,hP4RM^R9_efQLd1%Gm;
b8652090-eefb-3a6c-a7ae-c5fd220b3dbf,Miss,Bertram,Bartoletti,"96 Walsh Mountain",iure,Valenzuela,Montana,Dominica,651-945-836,321-264-812,"Lockman, Corwin and Langworth",http://denesik.com/et-laboriosam-minus-eveniet-asperiores-quia.html,"Library Technician",MediumBlue,1991-04-02,jhackett@willms.net,"z;Z]&trx~u1UaVB@.3\"
d167b36b-f353-3edc-aaef-de13fa50333c,Prof.,Julien,Goyette,"13A Lubowitz Unions",quod,"Cagayan de Oro",Texas,Liberia,429-167-534,212-426-800,"Crist Group",http://lowe.org/,"Shuttle Car Operator",Brown,1994-08-02,shanon.nolan@leannon.com,"<-)/{{""Yqi<i>|d,="
e0723c81-3a43-3fc4-9865-35f8d28af8bc,Prof.,Buford,Huels,"31A/52 Jast Ports",accusamus,Balanga,Utah,"Faroe Islands",251-343-511,505-994-728,Gleichner-Runolfsdottir,http://www.pfannerstill.biz/qui-aperiam-quia-a-minus-delectus-et-rerum-eius,"Business Manager",LightGray,2001-01-10,wanda90@toy.biz,"*$6,*X""k6S;5e!^0]7"
4a6a51c1-603b-3d62-b8f5-6f54a291e1fe,Ms.,Selina,Hirthe,"45/24 Kuhic Crossing",maiores,"Cotabato City",Arkansas,Luxembourg,538-638-380,286-714-983,Braun-Schroeder,http://kuvalis.com/sed-in-et-sint-assumenda-omnis-optio-voluptas.html,"Cardiovascular Technologist",DarkGreen,1972-11-30,jairo.lebsack@hotmail.com,":}K+5YI\t"
feb727a3-77d1-3de4-a7b3-e6ebada99bef,Miss,Gladys,Zulauf,"53/86 Bruen Isle Suite 541",et,Passi,Virginia,Romania,441-748-998,746-982-180,Denesik-King,http://monahan.net/velit-aspernatur-ipsa-neque-dolores-vel-eum.html,"Municipal Fire Fighter",OliveDrab,2012-01-29,colten.wolf@yahoo.com,"\-@a~[[aknH$.w6GMOlv"
82afa387-8f72-3cc6-8279-98f4d4928f0e,Dr.,Pietro,Ritchie,"89 Kuhic Via",ut,Baguio,"North Carolina",Romania,462-710-659,487-163-928,Monahan-Boyer,http://www.hirthe.net/et-possimus-omnis-cumque-natus-vel,"Engine Assembler",DarkViolet,1987-01-02,vmitchell@fahey.org,"`68~K|BdrC$,xo[C(8?3"
058b3efa-4b2d-31a9-91b8-875d4b011966,Ms.,Oral,Wisozk,"71A Hegmann Land Suite 485",perferendis,Passi,"South Carolina","British Indian Ocean Territory (Chagos Archipelago)",828-248-892,353-947-391,Kuhlman-Johnston,http://funk.com/accusantium-totam-quibusdam-ea-quisquam-dolorum,"Floral Designer",SpringGreen,2020-03-19,georgette.mccullough@mayert.info,8QkMnxBd@s6><#mi
79c3e3ff-3b19-3ed9-9653-181e75f3d085,Dr.,Judson,Rath,"73A/17 Will Plaza",ut,Taguig,"District of Columbia",Philippines,312-038-777,573-602-056,"Senger, Stanton and Windler",https://www.mcglynn.com/sed-reiciendis-quis-harum-est-et-ipsa,"Molding Machine Operator",AntiqueWhite,1987-07-25,linnie.monahan@yahoo.com,Fh0%r!9i*v^
3783b280-6447-368a-8173-70412d099415,Dr.,Gisselle,Abbott,"05A/43 Moen Manor",ducimus,Pasig,Vermont,Macedonia,972-590-739,960-343-914,Leffler-Goyette,http://www.funk.net/,"Food Service Manager",DarkTurquoise,2006-12-22,joel35@gmail.com,HoN@AU&+
ebbd754d-b5f3-3a38-9504-a7ae4f294026,Ms.,Brook,McCullough,"24 Mertz Haven",explicabo,"San Fernando",Ohio,Kazakhstan,894-854-722,063-018-942,"Krajcik LLC",http://www.johnston.com/commodi-quisquam-debitis-qui-sequi,Biochemist,LightSalmon,2006-09-19,felicia.kuhlman@vonrueden.info,3<Avm2)8)x?^
bb8f32e2-7bb9-3a69-83aa-e7e80930d773,Prof.,Dell,Bernhard,"69A/51 Pfannerstill Roads Apt. 280",id,"El Salvador","New Jersey",Cameroon,887-117-908,472-244-015,"Hayes, Herman and Little",http://fay.info/,"Construction Laborer",DodgerBlue,2008-02-16,waelchi.hipolito@murazik.com,Wx`9xiQ?_(*?<Y`x
2ed81c9f-f0ad-3572-8920-685a78f561cd,Mrs.,Sonia,Hermiston,"29 Rohan Glen Suite 856",voluptas,Tuguegarao,Michigan,Swaziland,075-798-917,623-335-349,Romaguera-McLaughlin,https://www.torp.biz/provident-reprehenderit-dolores-natus-similique-enim-eaque-dignissimos,"Correspondence Clerk",OrangeRed,2011-02-26,bbergstrom@hotmail.com,pO@6-2
829853d2-c779-3aa4-87fd-34af32306241,Prof.,Jamal,Bechtelar,"22/85 Zemlak Station Apt. 821",dolores,"General Santos","North Dakota",China,761-848-764,033-829-526,McCullough-Blick,http://www.robel.info/dolores-et-sunt-expedita-ratione,"Occupational Therapist Aide",LightGray,2015-08-11,mccullough.gussie@hotmail.com,z>R65bg&X>e2uR5ET
e2cf88b4-20b8-320a-908d-f628119bd6c7,Miss,Jerrell,Torp,"29 Anderson Center",ut,Muntinlupa,Arizona,Bulgaria,617-891-592,937-974-361,"Gibson, McKenzie and Kovacek",http://reichel.biz/molestiae-omnis-qui-alias-est-natus-odit,"Marine Engineer",SlateGray,1985-11-17,crona.rosamond@hotmail.com,/c6.8*b$YvZ$I!Jz
48e9724a-cf23-3a5d-8827-f00fe1a28899,Ms.,Chauncey,Considine,"99A Corkery Causeway Apt. 372",quidem,"Quezon City",Illinois,Algeria,727-112-732,952-900-988,"Hermann and Sons",http://conn.com/blanditiis-deleniti-sit-provident-aperiam-dolorem-incidunt,"Timing Device Assemblers",Ivory,1985-01-07,janelle.emard@spinka.org,dRWsp^1N>y>)(Z
a60a3314-24c4-3db7-a407-e8891045db5e,Prof.,Leann,Fritsch,"18 Schumm Prairie Apt. 260",quidem,Ozamiz,Oklahoma,Guatemala,764-682-356,970-894-539,"Cassin, Swift and Denesik",https://www.hamill.biz/inventore-quidem-modi-consectetur-neque-enim-quidem-sit-eaque,"Bartender Helper",GoldenRod,1970-09-20,florencio51@raynor.com,"\<-=Xsl^P],e1GD"
9fefdb69-6c75-35bd-915a-22347dd0068d,Prof.,Ethelyn,Pagac,"79 McLaughlin Camp",corporis,Santiago,Idaho,Sudan,911-585-595,968-604-384,"Gaylord, Mueller and Hackett",http://www.cummings.com/laborum-ea-quaerat-blanditiis-nobis.html,"Adjustment Clerk",Lavender,1992-02-09,annabelle.carter@gmail.com,"KhMv}j\oJ%e#s"
81463bce-e1f2-31d3-81a6-0a8b1daf6b33,Mr.,Timmothy,Herzog,"57A/98 King Hill Apt. 770",debitis,Calapan,Colorado,"South Georgia and the South Sandwich Islands",091-385-896,862-325-844,"Leuschke Ltd",https://www.ryan.com/sed-architecto-et-est-numquam-impedit-nostrum-laudantium,"Construction Laborer",GhostWhite,1980-08-19,jbins@gislason.com,"QoObZWYEf]-""Lu-h}"
20cf667a-4c9b-3e59-97c7-33c3d12168ad,Dr.,Corbin,Schaden,"32A Doyle Loop Apt. 785",veniam,Canlaon,Iowa,Sudan,280-640-917,206-765-712,Dietrich-McGlynn,https://www.pacocha.com/sunt-ut-totam-eius-officia-quis-laboriosam-perspiciatis,"Tool Set-Up Operator",LightGreen,2006-07-02,bridie.weber@hotmail.com,Dj4@b5~V
5352edaf-0568-3618-a413-1674aea6c360,Mr.,Reagan,Ziemann,"36A/30 Kerluke Island",dolor,Alaminos,Oregon,"Cape Verde",301-699-197,971-645-151,"Gislason Inc",http://www.dickens.com/,Engineer,Khaki,1980-01-05,gudrun.steuber@gmail.com,N'gfZ8=L
ef654ab0-ca3b-3ac1-b0ef-646d94a6d426,Dr.,Marcos,Nitzsche,"61/77 Mraz Branch",necessitatibus,Mandaluyong,Arkansas,Ghana,839-057-467,153-914-881,"Stroman, Parker and Hammes",http://rau.biz/quo-corrupti-assumenda-sint-eaque-esse-autem.html,"Welding Machine Tender",LightGreen,2010-09-19,garett.brown@gusikowski.com,"oh>+""W~%?)8w7q]"
272d9a28-636c-3723-9a4b-c85f3f0638b1,Prof.,Izabella,Schneider,"87A Kub River Suite 400",eius,"Cotabato City",Arkansas,"Isle of Man",810-786-922,104-625-540,"Moen LLC",http://sawayn.info/esse-modi-sed-pariatur-explicabo-quos,"Director Of Social Media Marketing",DarkSlateBlue,2005-09-13,charity39@armstrong.biz,gNoa0)^M{w'<`M%_/
1a86fa99-e3aa-3a3a-835c-ce74e31cc01d,Mr.,Deontae,Larson,"65A/53 Gutkowski Street Apt. 945",ut,"Cotabato City",Florida,Greece,531-053-537,515-166-022,"Ebert, Rodriguez and Homenick",http://wiegand.com/,Stonemason,Chartreuse,2018-06-11,ryann.mccullough@hotmail.com,""".2st3]9-$xY<j+R-"
b8aca59a-1385-34a6-b62c-f8a020497165,Mr.,Marilie,Kling,"73/92 Kreiger Roads Apt. 988",labore,Guihulngan,Oklahoma,Sudan,457-096-791,295-251-962,"Cartwright, VonRueden and Maggio",https://www.mertz.org/nihil-a-optio-nostrum-non-amet-culpa-dolores-error,"Advertising Sales Agent",Peru,1982-03-20,leonard28@hotmail.com,1W#|nE.xX4@F<r4d[(@
13622f3c-2a78-343b-a82e-0a327449bc71,Dr.,Ona,Streich,"92/63 Hermann Port",aut,Mandaue,Florida,Moldova,122-833-274,946-022-523,"Fay Group",http://www.schmidt.com/reiciendis-aut-quae-rerum,"Real Estate Sales Agent",Linen,2011-05-31,vbergnaum@nicolas.biz,"Cw25,'a"
a4a288cd-1461-3b62-82ad-7da8fe98e5f8,Ms.,Madison,Goodwin,"36 Larson Cliffs Apt. 047",placeat,Bacoor,Illinois,Uganda,244-295-538,594-415-020,Johnston-Rolfson,http://bechtelar.com/vero-aperiam-minus-nulla-deleniti.html,"Motor Vehicle Operator",Crimson,1982-01-08,ethel80@medhurst.com,q#Us`#^53;x[1<
1d20905d-5e86-33a2-9ce8-227035add439,Prof.,Devyn,Oberbrunner,"90/52 Jacobson Pass Apt. 333",necessitatibus,Escalante,Vermont,"British Indian Ocean Territory (Chagos Archipelago)",592-929-524,099-390-639,"Von, Hill and McGlynn",https://parisian.org/doloribus-nulla-voluptatem-dolorum.html,"Police and Sheriffs Patrol Officer",DarkMagenta,1989-01-04,abshire.flossie@yahoo.com,"A57jb,!i{)T"
f97c2e24-2263-3859-86c1-94941f1cde31,Prof.,Jackeline,Bosco,"25/78 Franecki Island",error,"San Pablo",Kentucky,Japan,423-281-836,741-836-325,"Boyer and Sons",http://fadel.com/,Gauger,DarkMagenta,1971-04-08,wilderman.bertha@hotmail.com,J:hso2b=qkIgOcC
f3953f19-3093-3268-9312-46e3a5c233ea,Miss,Sandrine,Brown,"18A Parisian Lock Suite 535",sed,Malabon,Tennessee,Jamaica,413-804-876,627-862-202,Collier-Gottlieb,http://carter.com/,"Urban Planner",MistyRose,1971-03-04,jakayla43@gibson.com,p@@m'K0s*e<+y
c7a01853-a0cd-3b1d-9155-cc0c06ccf793,Mrs.,Beth,Johns,"97 Goodwin Flat Suite 650",ut,Samal,Ohio,"Syrian Arab Republic",770-539-555,404-446-556,Jacobson-Medhurst,http://wilderman.biz/commodi-fugit-aspernatur-sed-aut,Spotters,DarkOrchid,1995-06-08,graham.reilly@yahoo.com,B%j3)7o5Z151
fc9e4f3c-a4bb-38a0-94c1-ff8977c6ce9e,Mrs.,Brandon,Kozey,"48A Rolfson Dale Apt. 640",consequatur,Urdaneta,"South Dakota",Slovenia,304-240-820,637-254-994,Cummings-Cronin,http://jones.org/natus-nesciunt-natus-fugiat-nobis-quos,"Administrative Support Supervisors",PaleGoldenRod,2009-08-02,deckow.cornell@hotmail.com,sC%j|CRL
b91050fd-3a51-348c-ad42-e4c930588427,Ms.,Benedict,Macejkovic,"68A Raynor Mountains Apt. 400",quo,"Quezon City","New Hampshire","British Indian Ocean Territory (Chagos Archipelago)",393-822-476,308-175-161,McDermott-Shields,http://witting.com/,"Ship Engineer",PaleGoldenRod,1994-05-20,cassie04@doyle.com,{Hn$|w3{DYj1NM^]VHd=
7063f7a2-2960-317e-8a4c-41f167f5f2a5,Mrs.,Joany,Reynolds,"53/95 Hettinger Isle Apt. 400",doloribus,Calbayog,Connecticut,Timor-Leste,413-726-232,424-653-990,"Orn, White and Beatty",https://will.info/ut-autem-cupiditate-omnis-ea-quos.html,"Precision Instrument Repairer",DarkRed,1999-03-17,loma.hayes@dickens.com,1Nq})z0:0
2ba57a31-b7bc-3faa-baa7-00de2fa66193,Miss,Alta,Pfannerstill,"99 Grant Estates",in,Gapan,Arizona,Netherlands,166-501-385,585-816-291,"Rutherford, Quigley and Grimes",http://www.altenwerth.com/sit-ducimus-sunt-architecto-temporibus-sit-sapiente-nam-id.html,"Audio-Visual Collections Specialist",GhostWhite,2001-10-20,pkassulke@zemlak.info,iJ[{3azn
a0dd4396-f4b0-3899-979d-32b7445dea47,Prof.,Alva,Feeney,"77A/97 Abernathy Common Apt. 024",error,Pasig,Oklahoma,"Western Sahara",031-805-477,424-707-041,"Walter, Ferry and Moore",http://wiegand.com/nihil-modi-eveniet-illo-dolore-ipsa-officiis.html,"Tool Sharpener",LightSeaGreen,2005-08-10,reichel.adrien@hotmail.com,"*\&+oVLXcwM;@kr"
a3c25ddb-d071-397c-97d7-dad155e29222,Mr.,Zelda,Kuhn,"18/13 Hauck Fork",exercitationem,Toledo,Delaware,Afghanistan,714-712-311,370-430-196,"Stanton, Orn and Beatty",http://www.rolfson.com/possimus-omnis-modi-quia-voluptas,"Bindery Machine Operator",LightSalmon,2008-11-13,vickie57@auer.com,e2FzsyMo4rUl1icE
c4e41ad8-3096-38c8-9482-daa771b6f7ce,Mr.,Candida,Trantow,"15 Steuber Ranch Suite 239",atque,"Trece Martires",Kansas,"French Southern Territories",481-916-070,716-213-821,"Schimmel, Miller and Dare",http://www.kerluke.com/distinctio-totam-debitis-aut-dolores,"Vice President Of Human Resources",DimGrey,2009-12-31,boyle.lyda@cronin.net,hQ`v&{XRB6uGA!;^Jjh
696cf827-c026-3371-aa2a-6d741035707b,Dr.,Luella,Friesen,"78 Franecki Parkway Suite 017",eum,Dumaguete,Wisconsin,France,978-642-815,884-386-249,Deckow-Ankunding,https://ullrich.com/quaerat-et-ex-rerum-rerum-rem-aut-iste.html,Secretary,LightGray,1979-07-06,brakus.ashlynn@gmail.com,}>rsjN2aiwuB:Z!R1D
7a7812e6-3a0f-367f-a3d5-a841a6c31ea2,Mr.,John,Bahringer,"60/44 Nienow Valleys Apt. 491",vitae,Tanjay,"District of Columbia",Andorra,312-687-966,476-931-580,"Orn and Sons",http://heaney.net/,"Airfield Operations Specialist",DarkSlateBlue,1970-11-25,sincere83@gmail.com,.ph8@~jw6F-h.47>/w;
89b9d92b-6794-30ef-9972-631198218437,Prof.,Deion,Hammes,"37/23 Wolf Overpass Apt. 244",voluptatem,Manila,Kentucky,"Dominican Republic",814-478-658,981-330-164,Hessel-Gaylord,https://www.schoen.com/quos-quisquam-expedita-autem-ipsa-impedit-qui-earum-voluptatum,Mathematician,Violet,1994-03-24,desmond.denesik@hotmail.com,prm/c'gkpTUu[
9d67ce8a-968d-3b06-8a0d-7aaef3db38aa,Mr.,Nina,Sipes,"31 Rohan Cliff",rerum,Talisay,Arkansas,Gibraltar,252-400-139,128-152-805,"O'Conner and Sons",http://ebert.org/,Electrician,LightYellow,2018-03-23,reece.corkery@yahoo.com,"iS=dAwRS5-_})\("
8ecbfc1a-7b56-3d54-8514-17ef7c2fb8e1,Dr.,Giuseppe,Shields,"58A Larson Isle Suite 643",esse,Marikina,Arizona,Jersey,154-332-785,804-211-604,"Konopelski, Lind and Kulas",http://www.fritsch.biz/vero-iusto-repellendus-enim-quam-quidem-beatae-facere-eligendi.html,Cartographer,MediumSpringGreen,1973-05-13,philip.gaylord@gmail.com,"#X%0=$sLBR77\U4?~"
0c0a18b3-879d-3a76-9b3c-a47eca826423,Dr.,Mellie,Feeney,"15A Von Via Suite 497",sed,Tacloban,Nevada,Mali,726-484-965,507-509-510,"Runolfsdottir, Kozey and Fritsch",http://www.monahan.org/aut-deserunt-error-sunt-eos-aperiam-quos-in,"Manager Tactical Operations",SpringGreen,2019-03-06,sophie.bahringer@hirthe.com,"#)O3u""&]7p"
11c8a921-9e18-36ae-b01d-20b0045ba44b,Mr.,Randi,Harris,"44/26 Marquardt Summit",maiores,"El Salvador",Arkansas,"El Salvador",831-555-962,464-360-286,Prosacco-Schimmel,http://rath.com/neque-est-eius-quae-sequi-voluptas-quibusdam,Shampooer,DarkTurquoise,2023-10-18,ignatius.brakus@hotmail.com,"(1fFLaFDfUimm{\"
b148241d-1d48-3a52-95ea-74c5a57c9424,Prof.,Damien,Pacocha,"57A Hand Plains",qui,Angeles,"South Carolina",Jordan,795-564-431,779-011-773,Russel-Rodriguez,http://lindgren.biz/,Silversmith,DarkBlue,2010-06-27,stracke.anderson@friesen.org,@I:qK]YRevo}|
ab06091c-a0a3-32a7-89b1-684f78cd694a,Prof.,Dulce,Ferry,"84A/34 Ebert Cliff",consequatur,"San Carlos",Montana,Ecuador,317-135-440,397-089-490,"Toy Inc",https://www.dietrich.info/dolor-unde-consequatur-quod-atque,"Bulldozer Operator",DarkOrchid,1984-02-16,udenesik@gmail.com,"qI'1R(@%\@CL&1R"
7284c6f3-f9a6-33fc-8d64-483a9a88f8d2,Dr.,Jeffery,Borer,"60/24 Schuster Walks Suite 776",consequatur,Toledo,"New York",Belgium,378-511-777,058-199-501,"Dach, Rice and Blick",http://www.strosin.com/placeat-aut-vitae-et-veniam-qui-qui-soluta-ut,"Ship Mates",Teal,2013-11-14,bettie.schulist@rosenbaum.info,{bhcUc_
4ac85202-3c92-3717-8568-39175aad9089,Dr.,Jillian,Krajcik,"85A Gutmann Roads",sapiente,Angeles,Alaska,Ireland,935-352-696,158-360-497,"Dibbert PLC",https://hamill.biz/totam-culpa-quia-cum-quos.html,"Septic Tank Servicer",Beige,1973-09-13,barton.leon@ritchie.com,"r+.YUG6;=""N~eX7,(=."
ee00dbd9-2b38-3088-a273-d00973ccf11d,Mrs.,Freida,Hyatt,"28/20 Dicki Canyon Apt. 235",praesentium,"Tarlac City",Connecticut,Myanmar,643-970-481,744-417-930,Rowe-Ryan,http://boehm.com/officiis-odit-atque-quasi-sunt-ipsum-non-est,"Precision Pattern and Die Caster",Gainsboro,1975-07-18,jerde.preston@kessler.net,=!lJPkD3bE=pPNc
8a9cc6a3-30ed-30ea-9d49-69aa07a05f1d,Mr.,Erwin,Kub,"61/43 Kautzer Station Suite 680",amet,Tacurong,Georgia,Tonga,761-773-833,397-407-644,"Satterfield, Abernathy and Dibbert",http://www.koss.com/,"Atmospheric and Space Scientist",LightSlateGray,1990-04-19,vfunk@doyle.com,qKF-Ga;f=]*%9|=R)/
eb98dfde-87f3-36e1-a926-04516bce4362,Mr.,Marcelino,Christiansen,"32A/91 Barton Well Suite 100",consequatur,"General Santos","South Carolina","Slovakia (Slovak Republic)",385-149-521,976-171-911,Schimmel-Crona,http://lueilwitz.com/,"Computer-Controlled Machine Tool Operator",DarkGray,1970-04-12,bjohns@hotmail.com,"hU""R^K$<l9"
857e498b-cdc6-3b1c-963f-f86dead381be,Prof.,Jackeline,Satterfield,"29A McCullough Bridge Apt. 603",et,Bacoor,"South Carolina","Western Sahara",816-419-960,182-539-192,"Bergnaum, Klein and Maggio",http://www.funk.org/totam-sit-aut-tempore-alias-neque-aperiam,"Prepress Technician",LightGray,1999-05-24,rice.alfred@torphy.org,K4IKlz!
ba4a8fdd-f251-3925-bc82-fc8bad0a2d77,Prof.,Trisha,Fahey,"34A Purdy Run Suite 921",laudantium,Bayugan,Wyoming,"Saint Lucia",856-115-292,347-179-121,"Herzog and Sons",https://www.cronin.com/accusamus-non-earum-soluta-molestias-quisquam-non-possimus-explicabo,Painter,DarkGreen,1978-07-31,ritchie.ivy@hotmail.com,P!(L<kY-~OG+k6
c445940d-95af-3c8d-b3bb-7f99197222a7,Mr.,Valentin,Orn,"37A/33 Mraz Field Apt. 975",cupiditate,Urdaneta,Vermont,Switzerland,446-220-172,828-563-624,"Dare, Weissnat and Goyette",http://www.witting.com/mollitia-perspiciatis-possimus-vitae-voluptatem-fuga-in-et-ut,"Precision Printing Worker",DarkViolet,2009-08-16,jannie82@gmail.com,F)T3vBm#d
d2885ad6-8720-37a0-ae66-1a4384ba6706,Ms.,Gardner,Prosacco,"73A Nikolaus Courts Apt. 181",ut,"El Salvador",Tennessee,Qatar,455-389-860,127-599-048,"Rosenbaum Ltd",http://stehr.com/velit-et-tempore-aut-consequuntur-eos-delectus,"Educational Counselor OR Vocationall Counselor",MediumOrchid,1988-01-20,norwood.nikolaus@gmail.com,"svhtScCXQ,;5ef"
385f6d6e-4d11-396b-ba5e-7bd1d4f6ab17,Miss,Yazmin,Conn,"96 Cartwright Summit",sit,Calapan,Tennessee,Vietnam,569-094-418,645-447-239,"Lebsack Inc",http://cummerata.com/incidunt-similique-quam-in.html,"Extruding and Drawing Machine Operator",LightGray,1991-08-22,tianna.gleichner@hotmail.com,>YK%m6$1R6a
963a0f97-58cf-3f16-bc91-6bf03b8ad522,Dr.,Mireille,Graham,"44A/58 Sanford Tunnel",officia,Bago,"New Jersey",Algeria,004-545-119,877-209-314,"Cormier PLC",https://www.lakin.biz/eligendi-et-distinctio-quisquam-qui-id,"Recreational Therapist",DarkOrchid,2009-05-26,xrau@hotmail.com,?LEKfW
eafab2f9-74f8-3fef-84a4-ce8a76a94406,Prof.,Geoffrey,Lakin,"82A/25 Kuvalis Junctions",aliquam,Gingoog,Hawaii,"Trinidad and Tobago",396-781-366,843-376-783,"Zulauf Ltd",http://veum.biz/enim-molestiae-doloribus-quo-sit-omnis-et-nam-et.html,"Business Manager",Crimson,2000-09-06,xromaguera@simonis.com,OcMtQ?I@I>(m@u
75ff6f0a-4915-390b-907d-bc8aee35a67d,Prof.,Georgianna,Stoltenberg,"52A/53 Romaguera Summit",iure,"Masbate City",Oklahoma,Suriname,205-702-179,352-990-253,"Reinger, Osinski and Hudson",http://kirlin.com/,"Talent Acquisition Manager",CadetBlue,1987-11-24,wbeier@gulgowski.biz,"np{r=V\Qi$o#R:i3_0"
dc5fee42-5493-3c59-93f9-60e186b34c44,Mrs.,Abby,Bernhard,"50A Zulauf Squares Apt. 186",veritatis,Pasay,Colorado,"Cocos (Keeling) Islands",135-503-908,649-698-869,"Kunde Ltd",http://www.wolff.org/earum-ut-reprehenderit-quia-deleniti-repellendus-dignissimos,Stevedore,LemonChiffon,1986-02-23,jeichmann@monahan.net,D=gi{<z
6c10995e-ea86-33ed-873b-034ffb890d4a,Ms.,Leon,Ledner,"57A/94 Homenick Crescent",ut,Mati,"New Mexico",Gambia,696-354-786,381-441-369,"Ruecker PLC",http://www.heaney.biz/ut-quis-molestias-officia-qui-sed-et-quia,"Tank Car",Chartreuse,1986-05-24,dcummerata@steuber.net,"qUxwMBR,"
91e55f5d-314f-32b7-9b82-11f2ac708447,Dr.,Deron,Jacobs,"45/34 Lowe Groves Suite 059",eaque,Angeles,Massachusetts,"French Guiana",946-454-671,333-689-597,Yost-O'Hara,http://www.wunsch.com/omnis-dolor-modi-velit-at-neque-ut-cum-repudiandae,"Aircraft Engine Specialist",LightPink,2018-04-24,lesley.metz@padberg.com,"Nz""-<;u}Whvj"
d5ec6fb0-5938-3342-a1ad-c5366cc3ee9b,Miss,Wilma,Gleason,"58/34 O'Connell Island Suite 598",perspiciatis,Candon,Oregon,"United States Virgin Islands",835-093-770,498-251-421,"Treutel, Borer and Bergstrom",http://berge.info/sunt-omnis-distinctio-ea-ratione-eos-voluptatibus-rem-omnis,"Oil and gas Operator",Gainsboro,2023-04-15,hillard16@kessler.biz,"i*B\%B<r0N=\o"
9cc33277-733a-338e-8f72-b4dfbe522ea2,Mrs.,Christopher,Kunde,"51A/09 Beer Street Apt. 292",beatae,Ormoc,Nebraska,"French Southern Territories",502-386-053,106-906-812,"Heathcote, Hettinger and Steuber",http://www.waelchi.com/dolor-sit-omnis-qui-officiis,"Materials Scientist",SkyBlue,1973-03-06,addie.barrows@bernhard.com,"c=RGU"""
0f2ac58d-b8ad-35e6-89d8-3292cffdf578,Mrs.,Josiane,McCullough,"33A Willms Land",minima,Balanga,"New Jersey","Marshall Islands",890-484-907,607-381-139,Kertzmann-Mosciski,http://brown.org/voluptate-qui-incidunt-officia,"Entertainment Attendant",Teal,1978-09-28,hoyt62@hickle.com,"{v.3vX@;gfMn""}K$"
cbf8a0a1-f626-33ff-bfef-1aad0227d10a,Ms.,Vicky,Konopelski,"60A/24 Kertzmann Court",qui,Digos,Alaska,Tanzania,395-595-931,593-659-734,"Dare Group",https://gutkowski.com/consequatur-totam-ut-nostrum-vel-consequatur-id.html,"Building Cleaning Worker",Green,2020-02-21,egleichner@shanahan.com,"F""5(ab"
4ffa2ee8-7f70-32b5-859b-12fdc18a86cc,Ms.,Ceasar,Kreiger,"61 Halvorson Run",quasi,Kidapawan,"New York",Australia,915-756-631,687-932-932,"Haley and Sons",http://thompson.com/,"Radar Technician",DarkSeaGreen,2021-09-07,einar.frami@gmail.com,"=e']k""{6][p$MU=6A(qK"
4eb2c2df-2e9b-39c0-938b-7597a1809a54,Dr.,Pauline,Collier,"92/38 Doyle Stream",quam,Sagay,Texas,Albania,388-470-418,208-107-076,Spencer-Torp,http://www.leannon.org/velit-amet-non-voluptate-rerum-porro-quia,Curator,RoyalBlue,2015-10-03,norbert.dubuque@thiel.com,t68'`&%cw
af559323-95c2-3226-bb20-81d93ac1a91e,Dr.,Enrico,Nader,"73 Rohan Radial",in,Kabankalan,Idaho,Vanuatu,796-549-159,211-432-619,"Russel, Schiller and Kshlerin",http://www.hilpert.biz/,Internist,IndianRed,1975-02-07,shawna99@pollich.info,1{M$;S@#A
9792d82c-30b4-3f66-a37d-adfa386ba37a,Prof.,Triston,Batz,"53A Marquardt Parkways",ipsa,Silay,Oklahoma,Palau,395-989-431,505-340-486,Hayes-Kerluke,https://www.smith.org/pariatur-aperiam-eligendi-deleniti-dicta-velit,"Tank Car",AliceBlue,2006-08-11,don23@wyman.com,68~1qJ.~w
71393cbc-bc89-3451-a123-72d02872d1ae,Prof.,Alexanne,Herman,"27A Marvin Plaza Apt. 714",unde,Tanauan,Alabama,Paraguay,931-799-481,812-717-734,"Schiller, Braun and Cremin",http://www.barrows.net/,"Electrical Engineer",FloralWhite,1980-05-19,hickle.lane@gmail.com,y+FvG8yB-be--
92a77080-987a-32cc-9ede-f74186414f1f,Prof.,Narciso,Metz,"40 Boyle Common",vero,Kabankalan,Wisconsin,Australia,827-375-935,345-730-368,"Dibbert Group",http://www.lockman.net/quo-et-ut-est-sunt-quasi-iste-deserunt,"Hazardous Materials Removal Worker",DarkSlateBlue,1972-05-20,dickinson.kelsie@wunsch.com,".@J57ysC$jb\fx&"
daad5d5a-1fe4-39f8-891f-7d7afee612e0,Ms.,Stephan,Hane,"55 Dach Courts",consequatur,Tayabas,"South Carolina",Vanuatu,278-855-924,087-437-109,Zboncak-Eichmann,http://www.ortiz.com/,Electrician,GhostWhite,2019-05-15,christ.jacobs@yahoo.com,m!#D]nKd;;nCbNI
04b2b7e1-9771-33cb-a863-289bbdafd5ac,Dr.,Hilbert,Jones,"97A/88 Gerlach Track",numquam,Danao,Vermont,Austria,793-486-292,330-401-344,"Goldner, Bahringer and Feest",http://www.ryan.com/doloremque-aut-adipisci-expedita-magni.html,"Engineering Manager",SlateGray,1983-11-08,maggio.candido@gmail.com,">l""SP90"
8c475be2-35fb-3e30-85e2-098eddb79db6,Dr.,Eva,Hills,"19 Ledner Ridge",velit,Bacolod,Minnesota,Liechtenstein,291-810-549,288-870-803,Fisher-Stokes,http://fritsch.org/,CFO,HoneyDew,2018-12-16,precious96@hettinger.com,"b[jk+K_CZ@a5yg\0o"
110de1ed-5b53-35e0-8ee4-2df13e7ed825,Ms.,Natalie,Bode,"18/14 Bauch Canyon",ut,Borongan,"North Carolina","Saudi Arabia",226-773-592,736-815-324,Durgan-Kovacek,http://oconner.net/ab-sit-ipsam-perferendis-aliquam-molestiae,"Rock Splitter",Snow,2012-12-06,wyman.mateo@gmail.com,"gJ[fGxN>|7l5$#'2\X"
fcc66d02-55a4-39cb-bbd6-c3b7d9683589,Dr.,Thalia,Ortiz,"15A/75 Marvin Stream Apt. 202",enim,Naga,Maine,"Palestinian Territories",367-696-841,380-852-684,"Willms Inc",https://www.kassulke.com/ut-possimus-tempore-aspernatur,"Forensic Investigator",Chocolate,2021-01-30,milo.okuneva@yahoo.com,CV:`l8Z+_'%84&Qb+/
cbeb95a9-b158-3a18-83fd-dbfd7629c66d,Mrs.,Jesus,Balistreri,"05A/37 Lowe Meadow Apt. 099",placeat,Manila,Missouri,"El Salvador",640-676-844,600-802-323,"Sauer, Deckow and Johns",http://towne.com/,Postmasters,Bisque,2020-06-27,grimes.francesca@yahoo.com,$j:Ao7=P]Y~v
92fbc1fc-4ad8-3e7f-84bc-68da48ef1ce4,Ms.,Celestino,Klein,"02A/86 Shanahan Meadow Apt. 712",mollitia,Malabon,Louisiana,"Faroe Islands",023-053-133,682-149-553,"Hoeger, Daniel and Luettgen",http://leuschke.com/vero-qui-odit-recusandae-provident,"Portable Power Tool Repairer",Purple,1986-12-27,mohammed.cole@hotmail.com,"&"".e:%M"
92fa7813-282e-3180-9445-fb90dcb2636b,Dr.,Pablo,Casper,"35/37 Maggio Gateway",nihil,Calapan,Kansas,"Burkina Faso",565-013-981,098-489-654,"Becker and Sons",http://www.kovacek.com/,Engineer,Gray,2011-03-04,oliver66@hotmail.com,"s'dkWrXY5R5yP6\sSNSS"
46a8c270-c06d-3498-8fc4-21c1bba1ca3c,Dr.,Edyth,Bergnaum,"96 Wolf Hills Apt. 740",rerum,Mandaue,Oregon,Korea,380-550-796,912-992-379,"Stanton, Johnson and Goyette",http://mayert.com/est-maxime-eos-quidem-quis,"Technical Writer",DarkOrchid,2018-05-08,kiehn.florine@botsford.info,"XVV)eabHRKtR""Ot"
22b87b91-2f68-3e66-b744-6466084695c6,Dr.,Dallin,Johns,"04A/96 Prohaska Harbor",qui,"Tarlac City",Nevada,Tanzania,106-118-928,332-191-410,"Daugherty Group",http://www.hammes.net/est-reprehenderit-fugiat-accusamus-commodi-occaecati-exercitationem-tempora-perspiciatis,"Executive Secretary",Thistle,2020-02-19,rylan.bednar@gmail.com,wIe~F-:-RtSR5.
6153fac4-f3d9-3a15-abee-5398086aae90,Ms.,Marcelino,Powlowski,"94 Boehm Gateway Apt. 259",rem,"Iloilo City",Indiana,Lithuania,077-199-329,248-071-992,"VonRueden, Bergnaum and Rogahn",https://www.jast.info/debitis-sit-eligendi-facilis-minus,"Record Clerk",BlueViolet,1971-06-22,alisha.beahan@nikolaus.com,&'A>3+?Y&Eab?Y|>=O
647b2a1f-6627-3713-9fa3-4f0fc8c51352,Prof.,Xavier,Conroy,"40A Harber Common",explicabo,Tabaco,Maine,Argentina,853-978-294,631-751-914,"Thompson, Tillman and Grimes",http://hoeger.biz/dolores-corrupti-voluptatem-et-aperiam-ducimus-nulla-nostrum-occaecati.html,"Human Resources Assistant",Silver,2019-11-20,gottlieb.rickey@little.biz,saEbpTw3y
eda4c36f-6a05-33a4-8be1-ec60f6cabd1e,Ms.,Sydnie,Casper,"79/76 Conn Radial Suite 257",quae,Ormoc,Connecticut,"Sri Lanka",145-164-367,245-784-270,"Schamberger PLC",http://ryan.com/quia-ex-sit-itaque-ut-nihil,"Hand Sewer",Orchid,2013-05-05,dgottlieb@yahoo.com,)?J/-PVjbb28qXE'
d4fc03c7-b818-35bb-87f5-9d633d22ed65,Dr.,Julianne,Ortiz,"24A/19 Wiegand Mews",nesciunt,Guihulngan,Indiana,Oman,468-203-208,622-274-632,"Ebert, Lebsack and Friesen",http://www.stanton.info/,"Motorboat Mechanic",DarkSeaGreen,1997-02-07,veronica92@keebler.com,"~+I,}<WMR2f~&"
7a19c05f-39fe-3d47-aeb1-d6175ff5c37d,Prof.,Danial,Schultz,"78A Muller Lodge",hic,Catbalogan,Oklahoma,Djibouti,283-131-708,945-674-429,Runolfsson-Rath,http://hyatt.com/,Editor,PaleGoldenRod,1979-09-28,bking@kiehn.com,Fm*#H4G!b-/&I
4a24147f-9243-3425-ae59-6f1e2fd7aa61,Prof.,Manuela,Powlowski,"66A Daugherty View Apt. 202",aut,Batac,Delaware,"Saint Martin",106-081-854,768-539-745,"Wunsch, Raynor and Jones",http://kulas.org/ab-aut-voluptas-illum-vero-alias-voluptate-molestias.html,"Surveying and Mapping Technician",Fuchsia,2005-04-05,bayer.ruby@gmail.com,"WxlOeI(>tm/`\J>"
a14c1e78-e05a-3231-87e5-e79eab25cf65,Ms.,Henderson,Gerlach,"67 Daniel Route",laudantium,"San Juan",Montana,Uruguay,551-010-624,410-495-876,"Rutherford PLC",http://osinski.com/,"Aircraft Launch and Recovery Officer",Yellow,2011-10-23,daija.kautzer@yahoo.com,xZ^hPzs`sjk^jyha+;
3527ac38-b7bd-3551-bf58-dc180f2612ae,Dr.,Liana,Denesik,"42/42 Fritsch Stravenue Suite 422",natus,Pasay,Virginia,Haiti,439-749-293,529-563-430,Witting-Auer,http://www.rogahn.com/ut-repellendus-est-voluptatem-delectus-repudiandae.html,"Food Scientists and Technologist",DimGrey,1983-08-11,violet.upton@boehm.com,4]A~G1T~/Xq)|Jm
589758bd-c280-324b-8013-62babeb2a9c4,Mr.,Vernice,Pfannerstill,"76 Casper Oval",exercitationem,Tacloban,Virginia,Nepal,742-719-698,494-800-917,"Purdy PLC",http://www.jenkins.com/corrupti-nemo-ipsum-maiores-qui-quae-quas-iure,Barber,Green,2003-03-21,flavio.durgan@sawayn.biz,"WcC\te:eRy"""
f01d778f-8b5b-395f-bbc9-12f6af5c1770,Ms.,Hassie,Wolff,"20A/00 Hermann Locks Apt. 488",aut,Urdaneta,Kansas,Croatia,512-720-832,495-500-564,Johns-Schroeder,http://baumbach.com/exercitationem-vel-et-temporibus-velit-praesentium-in,"Horticultural Worker",Red,2024-01-12,cullen.gutmann@graham.com,.Jf|c.KN
2eca3cec-1524-3832-ac6c-670ed01bbc63,Prof.,Mauricio,Emmerich,"65A/43 Smitham Mount Suite 920",quis,Taguig,Ohio,"Solomon Islands",738-749-755,129-132-273,"Stehr Group",https://koepp.biz/ut-et-veniam-reprehenderit-qui-aspernatur-excepturi-ut.html,"Lawn Service Manager",AntiqueWhite,2018-06-03,loyal09@gmail.com,}{O(k!
ec1de715-eb58-3ebe-bf73-e97910334e8e,Dr.,Bradford,Rempel,"02A/79 Blick Branch",voluptates,Sagay,"North Carolina","United States Virgin Islands",633-400-864,286-318-676,Russel-Haley,http://www.jakubowski.com/qui-reprehenderit-nostrum-ducimus-recusandae-iste-dignissimos,"Commercial and Industrial Designer",PowderBlue,2002-05-16,baby90@hotmail.com,kD3i8NDE2
e1c993d7-8b26-3d7d-96d4-3fd90a0a4ee8,Mr.,Elias,Smith,"32/40 Hauck Mountain",pariatur,Marawi,Massachusetts,France,935-795-980,189-506-942,Langosh-Sauer,http://boehm.com/labore-voluptatem-sequi-qui-quaerat-cumque-autem.html,"Computer Specialist",LightPink,2021-12-22,ybins@cummings.com,#?B>UZc%8]'
48d92542-823c-34ef-9c15-7b63d11cf37c,Prof.,Maximilian,Halvorson,"75A Hessel Highway",velit,Pagadian,"South Carolina","Turks and Caicos Islands",641-988-566,430-624-549,Krajcik-Rice,http://mccullough.org/ullam-maiores-quos-ducimus.html,"Building Cleaning Worker",Gainsboro,2020-08-22,alexandre88@wyman.com,"j(u]""O:W})(Re%m2.G"
f5ee6816-ee4e-30a6-adfd-44f770ee506d,Mr.,Caleb,Goodwin,"56A/09 Bahringer Union",sed,Dapitan,Idaho,Slovenia,178-069-106,001-368-011,"Homenick Inc",http://luettgen.com/quia-nobis-modi-quis-doloribus-esse-accusantium-perspiciatis.html,"Operations Research Analyst",LightGoldenRodYellow,2011-02-24,kihn.marcos@bosco.com,"H\2,[9:qBy,c+]D"
a53d856c-349a-3d26-86e2-6777a0b55929,Miss,Scotty,Wilderman,"69A/88 Wuckert Rapid Apt. 188",exercitationem,Lamitan,Hawaii,Gambia,592-131-434,556-110-207,"Abernathy and Sons",http://dibbert.com/,"Heavy Equipment Mechanic",CadetBlue,2022-07-12,bsatterfield@hotmail.com,>s-H|+
dd6ac641-8289-3d88-9d25-a35c832ef840,Mrs.,Toney,Schowalter,"58 Schinner Dale Suite 451",a,Naga,Massachusetts,"Dominican Republic",563-009-558,908-683-438,"Klein, Nader and Kiehn",http://www.jerde.com/laboriosam-fugit-velit-voluptas-eaque-sed-quaerat-deserunt,Professor,Navy,2002-02-22,alexandre.cole@hotmail.com,"*tb89e=ohDW,uy""z("
50c0a24a-5b58-3428-92bb-b5bf82cc453a,Prof.,Maude,Rau,"25 Armstrong Ridges Apt. 441",autem,Mandaluyong,Idaho,"Heard Island and McDonald Islands",785-207-003,584-724-411,Hahn-Doyle,http://olson.com/,Bellhop,LightCyan,1991-07-22,oberbrunner.myron@von.com,yZRf_YdV#nH
56bb89d3-4965-3895-9398-b89debc48b55,Dr.,Ellis,Rau,"02A/53 Emard Centers Apt. 084",asperiores,Toledo,"Rhode Island",Spain,480-171-411,007-970-189,"Weber, King and Ryan",http://www.gottlieb.org/ab-dolor-cum-aliquid-commodi,"Computer Hardware Engineer",Orchid,1995-08-08,micaela73@hotmail.com,z1}mR-z7[
2bd686ff-d2ef-393e-89ff-6a33f3c64d4a,Ms.,Anahi,Green,"60 Prosacco Bridge Suite 593",doloribus,Malabon,"District of Columbia",Gabon,731-526-970,572-085-039,"Lowe Ltd",http://www.vonrueden.com/non-aliquid-autem-voluptatem-et-quo-eaque-et-et,"Infantry Officer",Beige,1999-09-15,boehm.scot@kshlerin.com,"I\x=b4!\V[t"
c397d8c9-19ab-30e0-84da-9ce127bc9703,Mrs.,Rosa,Beier,"27/85 Lindgren Springs Suite 585",natus,Manila,Iowa,"Netherlands Antilles",179-944-733,287-127-685,Kuhlman-Eichmann,http://witting.org/dolor-rerum-quae-impedit-sequi-omnis-consequatur-rerum.html,"Fiberglass Laminator and Fabricator",Wheat,2014-10-16,raynor.berenice@gmail.com,u;{]fs@y7F)*
da3b1f00-6b1a-380e-853b-d2d64672b03b,Ms.,Kayley,Wyman,"43A/27 Mueller Isle",exercitationem,Bogo,Colorado,Romania,148-500-729,444-675-115,Morissette-Lang,http://fisher.com/necessitatibus-sit-repellat-sint-odio-qui-magnam,"Technical Specialist",Gray,1993-01-09,jovani78@jerde.com,BNxwMc_?r&d
d14c8c31-4d82-3dee-aae0-122d14b974e7,Miss,Loy,Stamm,"64A Skiles Vista",voluptas,"Cotabato City",Texas,Italy,757-766-460,248-422-429,McKenzie-McClure,http://www.kulas.com/inventore-deleniti-est-minus-atque-et,"Segmental Paver",AliceBlue,2011-03-10,toy.spinka@bauch.com,*N&qK/O+B
1e88fb6b-99c0-3a6a-a9c7-4838ac682c3b,Mr.,Milton,Gorczany,"23A Medhurst Square Suite 633",voluptatum,Guihulngan,Kentucky,Zambia,209-092-694,143-604-057,"Barton LLC",http://wisozk.com/tempore-sed-consequatur-excepturi-quia-velit-quis.html,"Music Composer",DarkRed,2003-04-26,macejkovic.chyna@christiansen.com,9|`)m6@
55ec2352-3681-3a13-9700-e306c7acd1f6,Mr.,Thurman,Lindgren,"74 Considine Haven",est,Bacolod,Iowa,Bulgaria,103-186-088,067-909-694,"Marvin PLC",http://www.lesch.com/accusantium-asperiores-sunt-qui-vel-maxime,"Retail Sales person",Moccasin,1978-05-10,schmeler.gust@gibson.biz,"\D.C>8T<egAk;"
7fb79c47-d626-34fe-b15b-f6fa3e65cc0e,Dr.,Tate,Gleichner,"86A/86 Torphy Key",temporibus,"Sorsogon City",Colorado,"Russian Federation",900-686-313,044-753-861,Dach-Flatley,https://www.schaefer.org/modi-itaque-inventore-voluptatem-optio-ex-repudiandae,"Library Assistant",Moccasin,2000-02-20,blanca19@yahoo.com,"-~WaEQwEm3N/,vAw"
b07f46d7-ed08-327b-8f51-57660f95af1f,Mrs.,Edmund,Schimmel,"43A Yundt Overpass Apt. 053",esse,"Zamboanga City",Idaho,France,010-826-294,837-311-737,"Hayes, Ondricka and Osinski",https://kutch.com/quod-consequatur-ab-maiores-eveniet.html,"Child Care Worker",DarkMagenta,1994-08-29,beatty.bettie@yahoo.com,"%YMB-K#6,o"
2b442a4c-537e-3083-b117-03628b1752e2,Mr.,Morton,Dickens,"81 Goodwin Bypass Suite 095",quibusdam,Cabadbaran,Wyoming,Iran,300-796-817,484-522-264,"Labadie, Howe and Crooks",http://mcglynn.com/quidem-accusamus-non-et-minima-voluptatem-excepturi-et,Welder-Fitter,MediumOrchid,1983-06-23,america27@gmail.com,4e'w^=]tUK0kO
7dfd55d2-8f96-307b-a934-b1a53d481964,Prof.,Bridget,Luettgen,"52 Koepp Mews Apt. 542",aut,Tandag,Florida,"Brunei Darussalam",089-005-519,578-368-047,"Heller LLC",http://www.stracke.com/voluptates-quasi-consequuntur-rerum-consectetur-est-consequatur,"Agricultural Product Grader Sorter",HotPink,1981-10-04,hilma.renner@yahoo.com,@*Sch<.d
c5a3ded6-af4e-3d02-8339-aa387fde544c,Dr.,Rosalind,Quigley,"15A/79 Dibbert Parkway",perferendis,Calamba,Kentucky,"Cook Islands",024-179-432,283-212-484,"Effertz Ltd",https://www.orn.info/at-nulla-nam-voluptate-molestiae-provident-sint,Barber,Beige,2005-02-12,leilani.effertz@wilderman.com,Os{79{
da74a5f3-0ff8-39a4-9b24-1545a442425b,Mrs.,Pauline,West,"22 Kassulke Mount Suite 187",corporis,Dasmariñas,Nebraska,"El Salvador",443-044-180,146-868-164,"Stokes Group",http://www.hintz.info/perspiciatis-tempore-perspiciatis-qui,"Biomedical Engineer",DarkOrchid,1986-05-20,cameron.turner@lind.com,Jx3{j*2zgFS
9cb3299a-d9a7-3e6e-a610-99c427cfb8f2,Miss,Claudine,Streich,"23 Von Dam Suite 923",ex,Toledo,Minnesota,Azerbaijan,659-268-484,148-777-911,Mayer-Lesch,http://www.streich.net/possimus-quia-nesciunt-quae-eveniet-molestiae-enim-sequi.html,Engraver,BurlyWood,2004-07-19,eohara@yahoo.com,2g~Y'f
0923c14b-6739-3376-a13d-5ea44cf03aa7,Dr.,Clarabelle,Little,"28A/08 Dare Cliffs Apt. 860",ad,Bais,Washington,Togo,594-857-217,972-920-893,Jacobs-Langosh,http://stamm.com/molestiae-atque-libero-commodi-quia,"Radar Technician",FloralWhite,1979-01-10,lula89@gmail.com,Yq?[a%~_8Cd8iWVBT=o
1d6efe29-1f89-3644-aaa2-88f6b5cff8bc,Mrs.,Kristofer,Predovic,"65A/35 Torphy Summit Apt. 204",nihil,Malolos,Indiana,"Wallis and Futuna",695-152-229,720-037-541,"Dibbert, Cummings and Jaskolski",http://www.fadel.org/iure-harum-qui-voluptatibus-totam-vel-qui,"Industrial Production Manager",Darkorange,2017-12-04,reggie41@yahoo.com,B-)Pb'c`]#?S
e568409e-c2bb-339f-b755-40e32959d36f,Prof.,Demarcus,Ritchie,"33A Stanton Trafficway Apt. 596",in,Candon,Kentucky,Austria,552-099-141,037-875-837,"Grady LLC",http://www.volkman.info/assumenda-enim-iste-qui-at-ducimus,"Crushing Grinding Machine Operator",MediumSeaGreen,1992-01-16,runolfsdottir.edwina@raynor.com,"iT+%%,"
a9d7292a-6e20-3d90-bc84-59981861e77a,Prof.,April,Bogisich,"24 Hayes Courts",ut,Cabanatuan,Nevada,Japan,107-543-509,675-129-540,"Orn, Gaylord and Pollich",http://www.sauer.com/natus-delectus-explicabo-voluptatem-voluptatum-voluptas-iste-molestiae.html,"Soldering Machine Setter",CadetBlue,1971-02-14,rupert01@hotmail.com,4w[7#1;!2[7nHtB/
bc5e6798-c990-3a5e-99fa-3224446a81a6,Dr.,Francisco,Brakus,"53 Davis Forges",officiis,Bago,Illinois,Korea,199-065-033,774-924-851,"Howe Group",http://www.jacobs.net/placeat-tempore-pariatur-ab-in,"Municipal Clerk",Tan,2023-08-16,drake31@hotmail.com,.|U9-Nus[.?zlnKQJ4J
33a93ebe-f8ed-34aa-bdd0-7e7ca140a80c,Mrs.,Adeline,Frami,"83A/54 Schneider Gateway",asperiores,"Puerto Princesa",Wisconsin,Micronesia,170-640-321,234-682-748,"Dare and Sons",http://www.grady.net/fuga-molestias-ullam-voluptatem,"Radar Technician",LightSkyBlue,2023-04-11,hodkiewicz.tyrell@wisoky.com,%/zec]3Tu*Q56
3dcf7c13-b7b5-3b66-a959-57b4778101f3,Ms.,Betty,Gibson,"79A/80 Kuvalis Burg",at,"San Carlos",Virginia,"Western Sahara",671-417-743,315-014-003,"Bins Inc",http://prohaska.com/et-iusto-fugit-illum-sapiente-facilis.html,"Fishery Worker",MediumTurquoise,1997-11-23,jasper95@gmail.com,"b[.$]o:%]yV,N)x><i4"
24684e29-5536-3aa8-be86-f8128afe353f,Miss,Elwyn,Greenfelder,"48A Mayert Point Apt. 031",voluptates,Ligao,Wyoming,"Faroe Islands",129-201-805,157-651-209,"Toy Group",http://okon.biz/,"Fishing OR Forestry Supervisor",Indigo,1981-04-23,xschaefer@gmail.com,",$Qgw|B#\1"
2bddb697-2d9a-3d8a-bed1-d9aef74df695,Dr.,Katelin,Moen,"40 Schmitt Fort Suite 009",inventore,"Las Piñas",Tennessee,Armenia,753-248-399,364-976-214,"Steuber, Harber and Kuhn",http://www.hansen.net/,"Vice President Of Marketing",Thistle,2007-02-05,qdibbert@toy.com,N$g2w+Cv&b!
92942e01-7824-38c8-8ec7-976d3412fe07,Prof.,Hyman,Yundt,"66 Collins Corners",omnis,Cabadbaran,Colorado,"Wallis and Futuna",643-059-392,759-028-114,"Shanahan, O'Reilly and O'Conner",http://www.ruecker.com/consequatur-est-vero-fugit-non,"Gas Plant Operator",LavenderBlush,1983-04-06,lizeth.kuphal@renner.com,_`i7/UYy#Q'!aLV/'
03fa12a0-f29f-33a6-a9f6-02c42b839c76,Dr.,Joanne,Konopelski,"05A/54 Walsh Haven Suite 775",quia,"San Pedro",Arkansas,"Bouvet Island (Bouvetoya)",186-048-895,012-951-367,"Lowe, Cassin and Trantow",http://www.jast.com/,"Outdoor Power Equipment Mechanic",Pink,1977-09-18,gillian29@hahn.info,"p_?,0I"
327767d1-ac42-3af5-9ec7-1f355b21c5e4,Mr.,Edyth,Collins,"09A Johnston Views",aut,Maasin,Nevada,"Western Sahara",427-945-944,454-975-075,"Friesen, Schiller and Labadie",http://okeefe.com/voluptas-enim-voluptatem-vitae,"Textile Dyeing Machine Operator",DarkViolet,2002-11-05,kbradtke@boyle.biz,"\U41Oxb2Cpg*_Q"
a609c990-ef7f-3e1c-9d8a-26794ef6e6aa,Dr.,Rowland,Emmerich,"71/21 Marks Manors",sed,Tagum,Virginia,Oman,428-777-839,774-631-000,"Nienow, Padberg and Runolfsdottir",https://www.rice.com/vitae-voluptas-sit-ullam,"Janitorial Supervisor",Blue,1983-10-06,armstrong.clifford@yahoo.com,"%M9%Xli%""ZJT8"
9d1de36f-28dc-3519-8a58-06cc6bf16086,Dr.,John,Skiles,"28A Steuber Highway",non,"San Fernando",Vermont,Panama,977-920-570,138-091-142,"Price Group",http://www.runolfsdottir.com/fuga-voluptatem-cum-facere-rerum-laborum-eligendi,"Human Resource Manager",Violet,1988-11-04,evelyn36@turner.info,cn~:XuC=1
d423a61b-488c-30fb-9cc7-4bd8f6beba23,Mr.,Rosina,Borer,"55A/27 Erdman Spur Suite 781",sit,Muntinlupa,Washington,Indonesia,312-041-801,418-047-415,"Conroy, Ziemann and Boehm",https://zboncak.com/tempore-ut-sed-a-quia-voluptas-amet.html,Drafter,Crimson,2018-03-02,heaney.isabella@gmail.com,"@E,8|O|g4WmI;"
9a03a04e-5071-389e-99f9-0fa4182c0cfc,Mrs.,Tara,Heller,"63A/14 Schimmel Brook",impedit,Ligao,Connecticut,"Cook Islands",613-052-741,483-060-706,"Bartell, Keeling and Boyle",http://sanford.info/quia-qui-sed-dignissimos-ut-iure-deserunt.html,"Service Station Attendant",Silver,2019-06-20,vern.will@hermann.com,8MRGFZy
bd38d735-7b67-373e-aa96-6e3bcad58d08,Prof.,Serenity,Grady,"32A Cole Rue Apt. 011",atque,Caloocan,Vermont,"Falkland Islands (Malvinas)",849-121-592,693-569-585,Johns-Considine,http://roberts.com/expedita-quidem-cumque-dolorem-nulla-enim,Chef,YellowGreen,1996-02-15,rosalyn.wisoky@gulgowski.com,P<H_rEmx8Pu2~H$5
b054676b-cfee-3d4a-bc1f-026d0be4d54a,Dr.,Marcella,Pfeffer,"29 Wyman Meadow Suite 608",et,Maasin,"New Hampshire","El Salvador",447-118-715,799-964-065,Boyer-Shields,https://www.keeling.com/aut-explicabo-et-at-ut-recusandae-quia,"Business Teacher",SeaShell,2014-07-16,hspinka@yahoo.com,=yQRHai
7a3e6192-d77e-3b6e-ab9e-be787078e194,Dr.,Manuela,Sawayn,"48/41 Schultz Brook",laboriosam,Bais,Indiana,Ghana,614-139-001,348-732-653,Lockman-Hyatt,http://hoeger.com/maiores-non-ut-repellendus-illum-aliquid-occaecati-accusantium,"Insurance Investigator",HoneyDew,1998-10-31,fred89@gmail.com,"7*M.L+2}Zqz7"".y"
3c48c8ec-17bc-3576-97f0-7e484e56aa78,Prof.,Kiel,Langworth,"73 Von Village",possimus,Laoag,"North Carolina","New Caledonia",607-012-938,554-830-150,"Schulist PLC",http://frami.com/ut-ipsam-quasi-consequuntur-unde,"Photographic Process Worker",Blue,2020-07-16,ohand@sipes.com,g9vGo<)//24bVTArhOJ
b87b4707-daff-321b-8ad5-04fa3feda7d5,Mrs.,Joyce,Metz,"63A/84 Blick Way Apt. 541",voluptatum,Ormoc,Nebraska,Cuba,847-616-801,196-350-560,"Reichert Ltd",http://breitenberg.com/accusamus-quia-ut-omnis-debitis-et-molestiae-libero.html,"Gas Distribution Plant Operator",MediumSpringGreen,2001-06-04,tomas66@zemlak.com,">F50DRu][U""|ypuZ8pwb"
970195e1-6cdd-3e1d-9b9b-30f70ce3228d,Dr.,Marge,Simonis,"59A Fahey Rue Apt. 578",alias,Bislig,Tennessee,"Cape Verde",574-263-665,766-133-735,"Feest Group",http://www.stoltenberg.biz/sit-tempora-quae-quis-iure-voluptatibus-harum,Welder,SpringGreen,1975-07-19,npollich@gislason.com,NZ)w)/!gQ~%)
1209b259-8852-332e-bea4-be87e4489eb2,Dr.,Pierre,Gorczany,"79 Walter Hill",velit,Gapan,Nevada,"United States Minor Outlying Islands",226-478-350,595-223-708,"Braun, Flatley and Hessel",http://www.auer.com/deleniti-explicabo-incidunt-velit-odio-accusamus-repellendus-accusantium-repudiandae,"Electromechanical Equipment Assembler",DarkSeaGreen,1970-05-18,tatyana.jones@crona.com,sLpNw@K0G[F+3N
2976aa50-ba67-3d37-bbff-eba6e7e6f19e,Mr.,Germaine,Nitzsche,"58A/76 Auer Radial",perspiciatis,Cabuyao,Massachusetts,Malta,415-147-672,829-386-845,Lehner-Funk,https://ankunding.com/quis-molestiae-consequatur-praesentium-eaque-aut-illo-qui-temporibus.html,"City Planning Aide",Fuchsia,2021-08-28,brad.gutmann@gmail.com,=ugrcXch
892f44c0-b6bd-3ea2-8f1a-8b4b0f02b3df,Dr.,Yasmine,Zemlak,"62A Graham Stream",eveniet,Baybay,"Rhode Island",Malawi,352-603-314,328-930-423,"Graham, Parisian and Stracke",http://www.thiel.com/magnam-reiciendis-eius-quis-praesentium.html,"Manager of Air Crew",DarkSlateGray,2014-07-02,block.francesco@kutch.com,"&?77NPb$""8DWy-jXw"
14367814-09d6-30c1-b320-eb4c38de56b7,Dr.,Stanley,Quigley,"60A Reichert Cliff",ut,Dumaguete,Oregon,Oman,484-274-243,150-996-486,"Turner Inc",http://www.homenick.org/eligendi-placeat-mollitia-quia-voluptatem-qui-qui-unde,"Veterinary Assistant OR Laboratory Animal Caretaker",LightYellow,2010-04-26,kbalistreri@gmail.com,AOBYUjSTW:BT$/UG+^
4a001352-e6b3-396d-b917-2056753e10ca,Prof.,Rosalinda,McGlynn,"61A/82 Lueilwitz Port",natus,Maasin,"North Dakota",Kuwait,412-674-896,806-910-855,Grady-Champlin,http://www.hauck.com/et-eligendi-et-nisi-unde-quo-non-et,"Railroad Conductors",MediumSeaGreen,1986-03-16,hdickens@lebsack.com,?S%?NYuB6ZvE_p
1f2baf4d-6063-3eea-915a-83c4435082c5,Prof.,Bryce,Weber,"45/94 Larkin Oval",sit,Navotas,Utah,Comoros,029-324-983,757-376-243,"Hahn Group",https://runolfsson.org/corporis-veniam-dignissimos-ut-magni-accusamus-voluptatum.html,"Financial Analyst",Orchid,1978-04-08,brakus.noemie@renner.com,*G-=rp1`hoNxO!GbV^}
60014cf5-1393-3ebc-9361-a968e0fb77c7,Prof.,Jason,Mitchell,"97A Herzog Divide",repudiandae,Navotas,Wyoming,Nauru,126-091-468,615-164-008,"Miller LLC",http://www.cormier.com/,Manager,White,2006-04-13,willy.lakin@metz.org,EeF^X0aEwo/
2205a44a-dc8f-3678-b709-4ff00b0c6a34,Ms.,Eliane,Schuster,"61A/18 Ortiz Trafficway",incidunt,Danao,Kentucky,Japan,404-478-468,111-518-431,Halvorson-Gutmann,http://steuber.com/aperiam-incidunt-et-tempora-sed,"Biomedical Engineer",Salmon,1986-01-16,arturo.rowe@mosciski.org,2KXXG+eU6iTPV2/s
74c6474e-b41f-3720-adec-d6e234b0d11d,Miss,Gracie,White,"37A Littel Circle Apt. 411",placeat,Catbalogan,"South Dakota",Kenya,121-188-039,942-854-974,Gibson-Quigley,http://www.okuneva.com/rerum-cumque-quo-iusto-possimus,"Tire Changer",YellowGreen,1992-02-07,augusta21@gmail.com,",VNRmm~L'z5|sECvk@"
0f3853ca-7105-37dd-84a1-9516c951f4cc,Dr.,Julien,Mante,"74/90 Hoeger Meadow Apt. 975",veniam,Iriga,Tennessee,Benin,484-991-145,624-642-808,Aufderhar-Toy,http://okeefe.org/temporibus-beatae-quis-consequatur-praesentium,"Medical Scientists",HoneyDew,2005-12-25,cartwright.tristin@satterfield.com,%62%%Js
79dbc116-6c23-3d93-b2d8-9e38037442c9,Prof.,Maryam,Brown,"53 Eichmann Plain Suite 445",a,Bais,Washington,Canada,353-206-109,942-593-800,"Kuhn, Dooley and Hansen",https://www.pouros.com/aut-nihil-aspernatur-architecto-ipsam,"Education Teacher",Lavender,2014-06-17,camryn.kreiger@weimann.com,"W`f""xC]^7QJ-\:-7@"
f9b5ccad-9d1c-32d8-852e-9fc980377a15,Prof.,Osbaldo,Walter,"65 Dibbert Flat Suite 731",ab,Tabuk,Wisconsin,"Libyan Arab Jamahiriya",930-881-686,381-333-474,Eichmann-Berge,http://erdman.com/,"Segmental Paver",DarkOrchid,1977-10-10,elvera07@gmail.com,"6Ru]c[/wvuDita\%"
2c67708d-361c-3606-ab35-6784a38f6a7d,Mrs.,Lysanne,Vandervort,"30/80 Lakin Road Suite 306",qui,Dapitan,Illinois,"Cocos (Keeling) Islands",593-164-600,200-297-679,Mills-Swaniawski,https://www.pollich.com/natus-nisi-non-dolor-velit-iste-sunt,"Home Economics Teacher",Tan,2010-08-09,kuhic.dale@gmail.com,G60nhKGN3:`BZ8
03a020d0-f960-318f-b47c-2ca08d2c89ec,Mrs.,Maxine,Lemke,"80/78 Bernier Meadows Suite 920",maiores,Palayan,Virginia,"Heard Island and McDonald Islands",928-533-554,746-494-299,"Jakubowski, Fisher and Becker",http://schaden.net/sit-perspiciatis-necessitatibus-dolorem-illo-nisi-eos-error.html,"Rotary Drill Operator",OrangeRed,2008-04-04,hthiel@ondricka.org,yn6NQ{*:5
1a1b1e9e-4b49-32ef-ac4a-12bea8e5c540,Mr.,Marie,DuBuque,"92/20 Heidenreich Branch",qui,Laoag,Pennsylvania,Ecuador,796-145-241,555-339-487,Walker-Kertzmann,http://funk.org/temporibus-velit-omnis-necessitatibus-rerum-aut.html,Actor,DarkViolet,1985-04-02,stamm.gabriel@borer.com,y^f-W1ZN
7a58fd7a-1c20-3efe-8225-f5904eb6127c,Prof.,Deshawn,Glover,"75A/13 Ward Mission",rem,Makati,Nevada,"Costa Rica",675-750-707,452-631-824,Reichel-Stokes,http://grady.com/rerum-similique-dignissimos-est-et-laudantium-qui,"Community Service Manager",MediumSeaGreen,1996-04-15,mankunding@hotmail.com,^ij~%;]yxpH2Z
6368c6d0-1082-3d42-8e7d-58ca6fc84171,Mrs.,Lempi,Hand,"87/19 Barrows Ferry",accusantium,Muñoz,"New Mexico",Jordan,510-503-389,993-772-187,"Beahan PLC",http://quitzon.org/ut-consectetur-et-assumenda-ut-debitis-impedit,"Stone Cutter",Crimson,1997-03-07,tatyana20@hotmail.com,6ON9>Wf][z>}>N
2c59ce0d-4970-3bae-84df-26455f701bfa,Prof.,Kelley,Pollich,"04A Flatley Ville",molestiae,"San Jose",California,Panama,028-742-181,867-389-491,"Russel Ltd",http://schmitt.com/dolor-vel-qui-repellendus-nesciunt-voluptatem-placeat,"Command Control Center Specialist",Pink,2000-10-13,mcglynn.jefferey@huels.com,gw*9ReJeW1'
04904310-c281-3b90-8c4e-a80b98c498c7,Mr.,Sydney,Gibson,"06A Kuhlman Harbors Apt. 374",quasi,Tagbilaran,Nevada,"Antigua and Barbuda",071-525-975,379-521-706,"Weber Ltd",http://kirlin.com/non-ut-eos-nemo-voluptas-quaerat-porro-nihil,"Telecommunications Equipment Installer",MintCream,2018-07-07,kenyatta18@yahoo.com,EvAwFxKr}_Jvzq
396133e8-b798-3a56-a2bb-50a93919a840,Prof.,Erick,Altenwerth,"94/44 Kutch Wall Suite 591",hic,Valencia,Mississippi,Tanzania,543-607-350,226-265-512,"Lockman, Pacocha and Wiegand",https://wuckert.org/distinctio-dolorum-culpa-adipisci-commodi-et-error.html,"Engineering Teacher",Tomato,1995-01-22,morissette.nettie@heller.info,UD<[qP3B(A
3b0f5c24-d963-3f31-82bf-cafa198eda23,Prof.,Florencio,Corkery,"22A/99 Nolan Extension Apt. 877",quia,Cabadbaran,"South Dakota","Sri Lanka",984-254-237,675-011-532,Mohr-Douglas,https://hansen.net/perferendis-consectetur-dolor-est-fugit.html,Optometrist,Coral,1986-06-20,erdman.lizzie@altenwerth.com,*E~6}F&kS:DMhp%}D
0e4aa9be-574f-36c4-b64a-02725546e96f,Miss,Jaeden,Erdman,"21 Leannon Mountains",et,Batac,Indiana,Korea,003-930-459,790-694-769,Harris-Rosenbaum,http://www.bradtke.com/voluptatum-sit-voluptatem-sint-et-reprehenderit-fugiat-quaerat-error,Engineer,GoldenRod,2014-05-20,kulas.torey@hotmail.com,so|?.x>2Xh@1t>FmsB1
35fafae2-4264-3efd-85aa-24fa161e1540,Mr.,Theresa,Graham,"30 Sipes River Suite 331",rem,Laoag,Maryland,"New Caledonia",247-857-700,554-928-302,"Raynor, Bruen and Hamill",http://homenick.com/eum-perspiciatis-molestias-consequuntur-illo-rerum-distinctio-quae.html,"Physics Teacher",DimGrey,2021-10-03,ella.medhurst@morissette.com,-Cy!3c4^
8f3d8b36-a91d-35df-9fdf-dd683e2106b1,Mr.,Carmen,Hammes,"59 Hickle Dale Apt. 904",molestiae,Tayabas,Maryland,"South Africa",462-269-608,140-274-213,"Hudson, Doyle and Miller",https://jacobson.com/quia-aspernatur-eius-totam-quia-quia-similique-ut.html,"Tree Trimmer",OldLace,2015-10-10,hilpert.vicenta@gmail.com,nNz_;+enk
fce1e15a-2e3f-3a7a-8322-b0491d2fdd55,Mrs.,Whitney,McCullough,"92/91 Schmitt River Apt. 310",ducimus,Tandag,Maine,"Saint Kitts and Nevis",525-227-647,982-561-883,"Bauch Inc",http://hermann.net/et-dolores-enim-natus.html,"Recreational Therapist",Violet,2010-09-21,adrienne.lebsack@yahoo.com,_>;-r(PGm9_(4
340f4f89-a5fe-3f79-9a03-24daf877fd84,Dr.,Else,Leffler,"89A/26 Casper Unions",sint,"Sorsogon City","South Dakota",Mozambique,667-327-325,226-882-766,"Schowalter LLC",http://macejkovic.com/illum-earum-aliquid-cupiditate.html,"Personal Home Care Aide",Tomato,1980-08-27,fskiles@hotmail.com,"k!"";J/;F$RTt/fd*`I;"
df4ef8cc-b8b1-3573-b1a6-ca96f321460b,Mr.,Orion,Jacobs,"22/57 Zieme Via Apt. 061",quos,"Cebu City","North Carolina",Cyprus,392-724-437,855-633-116,Haag-Muller,http://jast.com/magni-earum-facilis-reprehenderit-perspiciatis,"Parking Lot Attendant",Indigo,1970-10-28,velda.boyer@gutkowski.net,",MP`e-+HhNW1"
9babeee5-5cee-36e3-adf9-3bd0199825b7,Dr.,Mario,Flatley,"05A/47 Bernhard Mills Suite 625",consequatur,Parañaque,"New Jersey",Tanzania,647-566-640,316-441-855,"Toy, Becker and Cassin",http://www.luettgen.com/eius-ut-fugit-adipisci-at-corporis-harum-vero,"Legal Secretary",Khaki,1978-02-04,bergnaum.albertha@hotmail.com,"gGY""Bve1tuTq'ORvj"
403a5a5b-6bc4-35a0-a2d1-67da95faebbf,Dr.,Nora,Bins,"19 Barton Stravenue",omnis,Tacurong,"New Jersey",Oman,086-486-821,487-307-982,"Johnston, Gulgowski and Schuster",http://www.bechtelar.com/nihil-et-magnam-ad-repudiandae-doloremque-libero-omnis-et,"Purchasing Agent",LightBlue,2000-12-22,shyann.balistreri@hotmail.com,":hZ}),dOWN<+/n"
0f21f6c1-fa32-3759-8c8a-50bd0f9164ec,Prof.,Stacey,Eichmann,"93 Gislason Run",ab,Lipa,Alabama,"Saint Helena",408-715-304,320-082-624,"Crooks, Nitzsche and Kiehn",https://schmidt.com/numquam-beatae-eveniet-enim-sint-iure-reprehenderit-voluptatibus.html,Geographer,LightSalmon,1978-08-03,weston.bins@hotmail.com,wwaP(Q-bU&3R*sjlXqU
14a6d1e2-99a9-3e09-808e-ef52c32005f0,Mrs.,Golden,Prosacco,"39A Will Mission Suite 438",distinctio,Olongapo,Ohio,Peru,946-983-615,012-881-882,"Schuster Ltd",https://www.goyette.com/est-ipsa-odit-facilis-autem-id-excepturi-placeat-quod,"Power Distributors OR Dispatcher",MidnightBlue,1984-07-08,sandrine59@tremblay.com,w=`b/.Hny;
72ff56ee-55cb-3b4a-87b3-43fe04963361,Dr.,Leslie,Hammes,"72 Dietrich Freeway Suite 016",inventore,Ilagan,California,Morocco,907-095-016,370-004-536,"Wunsch Group",http://www.daugherty.net/recusandae-porro-quam-magnam-odio,Welder-Fitter,PapayaWhip,1975-11-26,bailey.rodger@pollich.com,jQ!Abi~
64132b19-5f1a-3350-8c1f-214b967d5d9e,Mr.,Kaleigh,Schimmel,"66A Lind Junction",repudiandae,Talisay,Texas,Seychelles,851-013-790,189-238-730,"Brown, Huel and Franecki",http://www.larkin.net/,"Machine Feeder",LightSalmon,1999-07-17,koepp.scottie@spinka.com,"Z`fpG#+\yw$ED""Gd{/X"
db25af18-6167-36cd-9e9d-2f9fc8ac89ed,Mr.,Jane,Prosacco,"78A Hahn Harbors Apt. 599",molestiae,Laoag,"District of Columbia",Yemen,092-227-745,731-898-738,Raynor-Aufderhar,http://www.schuster.com/itaque-architecto-consequatur-voluptas,"Power Distributors OR Dispatcher",PeachPuff,1984-05-29,lacey.rutherford@ullrich.com,"]<q`C%Z-TzO&\7|EW2"
29c55e6e-0750-3d29-baf3-d7b2a1b7ba0f,Mrs.,Kattie,Haag,"13A O'Kon Corners Apt. 454",porro,Mati,Tennessee,Austria,418-434-053,405-152-474,"Keebler PLC",http://www.kessler.com/soluta-error-in-recusandae-consequuntur-aut,"Automotive Technician",LightGreen,1971-08-03,fkris@yahoo.com,"d~,,9U"
1b82a09e-d5fb-3694-b248-871a420c2403,Prof.,Ramon,Terry,"37A Simonis Loop Apt. 655",vitae,Urdaneta,Wyoming,Guyana,435-629-254,672-264-677,Waelchi-Parisian,http://ritchie.com/suscipit-perspiciatis-unde-accusamus-fuga,"Nuclear Engineer",LightYellow,2007-10-17,garrison.barrows@turcotte.org,R]T_OZt>V{:[Ut
01b62b1b-0938-3c37-b443-aa3392b3c175,Dr.,Avery,Kautzer,"13A Schuster Court Apt. 421",est,Balanga,Texas,Yemen,846-140-220,004-091-138,Blanda-Kohler,http://www.fisher.com/delectus-voluptas-non-adipisci-explicabo-alias-officia,"Parking Enforcement Worker",SaddleBrown,2005-05-24,thalia.conn@gmail.com,iTPC1^
15d82452-66f2-32c2-b20f-8ae972833dae,Mr.,Lamar,Grady,"53/92 Funk Lights Apt. 707",repellendus,Pasay,Arkansas,"Sierra Leone",801-368-053,134-335-471,"Frami Inc",http://halvorson.com/ut-deleniti-numquam-nihil-velit-repellat.html,"Motorcycle Mechanic",Aqua,2003-02-05,rosenbaum.delphia@orn.com,bv2sziOXOj
58063173-0fdd-3cc0-b28e-3a548403b81c,Mr.,Allie,Bernier,"29A/06 Conroy Estates",numquam,Urdaneta,Idaho,Indonesia,255-968-754,745-738-921,"Ryan, Altenwerth and Wilderman",http://www.dare.net/voluptas-est-dolor-magnam,"User Experience Researcher",AntiqueWhite,1986-06-22,stephanie.langosh@gmail.com,"-D>gbtffF|;$9$""f80C"
b59f3669-487e-354a-a616-697f5c74b3ca,Miss,Tomas,Stroman,"92 O'Hara Oval Apt. 408",doloremque,Legazpi,Massachusetts,Australia,269-772-392,231-466-331,Kemmer-Cummerata,http://weimann.org/,"Paper Goods Machine Operator",SlateGray,1970-02-01,blake.dooley@hotmail.com,"\Cn`8!mnO[TN`"
b59835b2-14be-3dd3-b584-f6ba36d92905,Dr.,Nikita,Wilkinson,"48 Anderson Valley Suite 289",eaque,Lipa,Georgia,"Syrian Arab Republic",929-984-061,487-092-835,"Ortiz PLC",http://gutkowski.com/architecto-harum-consequatur-voluptatibus-cum-sunt.html,"Pipe Fitter",OldLace,1982-01-24,stokes.lourdes@williamson.com,"{[G\nVGx<u{?"
7f70e43b-90ab-33d1-ad81-40a77e736e3d,Mr.,Christy,Murazik,"27A Tillman Harbors Apt. 557",exercitationem,Guihulngan,Oklahoma,Barbados,427-129-111,076-130-863,"Weimann, Wyman and Feest",http://walsh.biz/,"Metal Pourer and Caster",SaddleBrown,2015-11-21,ugulgowski@crist.org,.E?~S]r
9b663823-5ac4-3beb-bcbb-4754036de89a,Prof.,Jennyfer,Collins,"09A Kessler Vista",quidem,"Cagayan de Oro","New Hampshire",Pakistan,299-791-083,618-770-634,"DuBuque, Quitzon and Labadie",http://www.wunsch.org/dignissimos-ipsum-qui-corrupti-dolor-earum-molestias-expedita-voluptates,"Forest Fire Fighter",LightCoral,2010-10-06,angelo.wiza@franecki.com,)TqtiK6
0f2d6083-9e19-3150-b2b4-8c1dd5ddbfb0,Dr.,Hope,Witting,"35A Dickinson Extensions",nam,"Zamboanga City",Idaho,Colombia,953-149-362,481-116-412,"Lowe Inc",http://www.lind.com/voluptatem-nesciunt-optio-est-voluptatem-qui-dolorem-dolorem,"Mental Health Counselor",LavenderBlush,2005-07-20,monahan.josiane@gerlach.com,G!#`k]M%V
e634328c-fa93-3b03-8de3-750bc308c41c,Dr.,Sydni,Sporer,"23 Volkman Lake",labore,Gingoog,Oregon,Korea,404-747-947,927-517-088,"Denesik PLC",https://bartell.org/non-sapiente-et-iusto-aut-aut-unde-iusto.html,"Account Manager",DeepSkyBlue,2006-10-20,jaqueline55@hayes.net,/dzCEL4:A[dw)@Lk4k7
0d8bfd12-f9d2-3e77-8675-5c6aaa77201f,Ms.,Ansley,Hahn,"27/73 Hayes Isle",perspiciatis,"Batangas City",California,Angola,571-370-837,563-447-273,Bauch-Reilly,http://gleichner.com/harum-occaecati-in-cum-maiores-rerum,"Educational Psychologist",LawnGreen,1990-06-03,zlynch@jakubowski.org,rq@m$X)4o)%PF&P#?i
00daa53d-6f96-3599-bb3d-aaa7f5c8e2e3,Mr.,Deonte,Hoppe,"69A/50 Crist Shore Suite 534",adipisci,Kabankalan,Washington,Mongolia,475-688-341,330-552-936,"Eichmann PLC",http://www.ernser.com/repellendus-omnis-sed-ipsa-impedit-sunt,"Cafeteria Cook",Cyan,2014-01-13,darien81@hotmail.com,"4-%4`QOd1d^/roPM5z\"
da7f10a9-2d39-354f-aa4a-e56c64e64269,Mrs.,Freddie,Rippin,"91 McGlynn Orchard",repudiandae,Dagupan,"West Virginia",Kenya,617-625-102,453-907-313,"Prohaska, Nicolas and McLaughlin",http://towne.com/nihil-rerum-totam-eum-eum.html,"Logging Equipment Operator",DarkKhaki,1988-05-17,werner30@yahoo.com,k:]lgQ@B*o
f517d472-0ee4-338f-a49e-37ff899ff752,Mr.,Kellen,Leffler,"11A/33 Corkery Avenue Apt. 284",rerum,Bislig,Vermont,Mayotte,692-830-124,360-892-057,Homenick-Yost,http://www.stark.org/,"Precision Aircraft Systems Assemblers",NavajoWhite,1987-10-29,jaime.corkery@gmail.com,IB89Ab&9**L
caa60f67-12bf-3f9b-a4a8-ab8d2c27abd3,Mr.,Maci,Kling,"49A Reichert Locks",consequatur,Tagaytay,Kansas,Israel,404-455-503,308-881-756,Bernier-Kris,http://ziemann.org/,"Business Manager",DarkCyan,2010-03-18,fkuvalis@luettgen.com,C(0xrKi/nX||LS_n*
3dec8a49-079a-310f-8772-2e48abeddfd1,Mr.,Janie,Hoeger,"89 Wiza Brooks Suite 333",omnis,Ligao,Oklahoma,Bahrain,624-502-395,794-400-102,"Emmerich, Vandervort and Mills",http://www.hoppe.org/ratione-temporibus-quo-quod-aperiam-architecto,"Police and Sheriffs Patrol Officer",DarkOliveGreen,2005-05-31,feeney.jermain@gmail.com,0)}80#^
bbd20084-6cf8-315c-bee0-c3fc570e0894,Dr.,Tobin,Treutel,"17/31 Denesik Lodge Suite 254",aliquam,Iriga,Arizona,"Syrian Arab Republic",191-753-611,950-017-538,Ondricka-Labadie,http://walter.com/consequatur-illo-aut-eveniet-et-eos-rerum-sunt.html,"Driver-Sales Worker",LightSalmon,1976-12-29,thompson.keshaun@bruen.com,k>oEt2!B%
7ec41d05-7f46-31d1-abe2-2d41e0a1338f,Mr.,Dave,Rosenbaum,"74A/54 Huel Burg",aut,"Masbate City",Arizona,Germany,574-123-457,025-898-149,Brekke-Lang,https://sauer.com/maxime-laboriosam-similique-perferendis-id-aut-temporibus-modi.html,"Food Tobacco Roasting",Ivory,2014-02-05,annalise38@hotmail.com,LoOr_sNFE}b
a1227596-f76d-3cf5-ad30-3564d6f5a898,Ms.,Llewellyn,Mohr,"26A Bauch Prairie",qui,Palayan,"North Dakota",Kenya,358-680-348,209-996-410,"Kiehn, Cummerata and Reynolds",http://haley.info/quasi-amet-illo-nostrum-voluptate-perferendis-totam,Producer,Thistle,1980-09-21,moore.bill@gmail.com,DjbzeI]{'H_[{^54utv:
f6afb6c9-94fe-39c8-ae1b-55247d257711,Mrs.,Leone,Kunze,"31/65 Botsford Square",beatae,"San Carlos",Delaware,Qatar,538-023-878,105-626-999,"Jast Ltd",http://homenick.net/,Actuary,Tan,1997-10-13,nathaniel.jacobs@vonrueden.com,>3-]4>{=OPH>i
ccf9235d-2ea0-3e9f-a43c-8db5a43f7464,Prof.,Lee,Hills,"49A Berge Track",reiciendis,Calamba,Maine,"Saint Lucia",594-887-159,261-466-187,Spencer-Mueller,http://www.pollich.com/quibusdam-voluptate-labore-nihil-sint-tempora-veniam-corporis-omnis,Stonemason,DimGrey,2002-09-12,dock.crona@gmail.com,6`8qGFs(Dr8[0k5e#
eb11654e-72ad-3f31-9496-4b7dc140f330,Mr.,Arvel,Keeling,"21/71 Kessler Keys Suite 936",provident,Navotas,Montana,Montserrat,866-181-623,935-661-351,"Gleason Ltd",http://emard.com/,"General Manager",Thistle,2004-01-31,mmosciski@yahoo.com,Go#Mrs*
1b527d2c-9cc5-36d1-a2e8-36bb1b46aa6c,Prof.,Cydney,Luettgen,"38/46 Hilpert Fork Apt. 088",sed,Sagay,Louisiana,Jamaica,478-327-521,915-479-181,"Carter, Yundt and Zboncak",http://www.renner.com/,"Camera Repairer",Olive,2022-08-25,mfranecki@gmail.com,?GT@Nzxu5PuY
39355d60-6953-3d44-8198-100e01894da8,Mrs.,Kenyatta,Friesen,"33A/37 Gutkowski Prairie",numquam,Cabuyao,Oklahoma,Rwanda,172-533-951,749-972-771,Predovic-D'Amore,http://www.lang.biz/,"Retail Sales person",SteelBlue,1985-10-16,bernser@paucek.com,"Y;A#GXZyh_""_;c62"
f3666665-ee17-33b8-afa9-d0e7febfde57,Dr.,Nathen,Johnston,"23/34 Pacocha Mill Suite 415",sint,Tanjay,"West Virginia","Antarctica (the territory South of 60 deg S)",190-457-231,405-922-169,"Sawayn, Fritsch and Stehr",https://hickle.info/est-blanditiis-odio-voluptates-explicabo-modi-esse-atque-vitae.html,"Medical Assistant",Silver,1977-12-18,brekke.ferne@dare.net,`+ImJb'(
39461ee0-c8f3-3bbe-a17b-023bb8e8b063,Prof.,Ova,Borer,"89A/32 Schaden Extension Apt. 730",cumque,Tagum,Colorado,Luxembourg,541-376-484,494-236-722,Wilderman-Robel,http://www.dubuque.org/iste-placeat-quo-dolores-et-eum-in-consequatur.html,"Ophthalmic Laboratory Technician",MediumBlue,1986-12-08,jonathan47@gmail.com,#H4v)C@
fb1b1ea1-24c8-3b4f-becb-9d5a5f2d8b1b,Ms.,Lowell,Stracke,"25 Swift Plains",molestias,Tandag,Wisconsin,"French Southern Territories",574-495-766,844-146-828,"Kuhn, Heidenreich and Reichert",http://runolfsson.com/magnam-quibusdam-facilis-et-sit-consectetur.html,"Office and Administrative Support Worker",NavajoWhite,1975-07-29,edd.treutel@yahoo.com,Uzt/Fb&
85343646-e9c0-32ab-86e2-1d4ec95bdb45,Dr.,Dayton,Ferry,"91 Fisher Ports Apt. 859",optio,Tandag,Montana,Estonia,938-292-973,978-958-821,"Robel, Maggio and Waters",http://dooley.com/totam-optio-et-ea-voluptatibus,"Administrative Services Manager",MediumTurquoise,2011-07-23,xhaley@tremblay.com,p`H%.zQFVaU3)@v
14a4f181-6ffd-342a-b16d-c95fc8590b30,Dr.,Otha,Crooks,"90A Turcotte Isle Apt. 033",vitae,Pasay,"New Hampshire","Antarctica (the territory South of 60 deg S)",451-485-210,641-352-496,Carter-Braun,http://ryan.com/culpa-et-corporis-cumque-quis-blanditiis,"Precision Dyer",MistyRose,1992-08-12,sporer.ignatius@gmail.com,3wm!Cd!
aaa4d8ed-013f-38d3-b2f5-1abe4f2d3e79,Ms.,Winona,Grant,"34/11 Bruen Circles",exercitationem,Caloocan,California,Macedonia,276-446-489,928-351-857,"Pfeffer, Skiles and Blick",http://ernser.com/consectetur-mollitia-debitis-quia-laudantium,"Military Officer",MediumBlue,1976-12-30,jesse87@wuckert.net,sLl9DtD-$y@
6c479ad0-c462-339f-81fc-310b04e23d09,Miss,Krystina,Glover,"30A/60 Collins Run Apt. 308",perferendis,"Sorsogon City",Missouri,Anguilla,801-672-154,383-965-780,"Luettgen, Hettinger and Cassin",http://altenwerth.com/quia-sapiente-blanditiis-ducimus-doloribus.html,"Bill and Account Collector",Aquamarine,1978-05-21,yhuels@ratke.com,^!FkTD(X6TQjM6}{sy
15ce81b3-4f29-3a9b-aaa4-28458b45450d,Ms.,Roslyn,Windler,"58/81 Pacocha Ways",ipsa,Calbayog,Iowa,"New Caledonia",765-635-025,120-818-199,"Kulas Group",http://bradtke.net/aut-perspiciatis-consequatur-eveniet-voluptatem.html,"Marking Machine Operator",GhostWhite,1998-10-07,torp.donna@yahoo.com,Ta2#Y.w8+ZA8ep*:9ZU
ccff6669-367b-3f14-a215-3a27f5639b2d,Mr.,Keely,Harber,"02A/66 Hauck Viaduct Apt. 639",fugiat,Himamaylan,"New Hampshire",Nicaragua,554-049-042,232-829-373,"Schamberger, Lindgren and Pfeffer",http://www.ledner.info/reiciendis-aut-exercitationem-aut-aut-voluptatibus-veritatis.html,Decorator,BlanchedAlmond,1970-01-03,treutel.savanna@hotmail.com,eOq[5XrCKooms#039
74449df1-d2a5-3803-b9b0-fa8cba367524,Dr.,Golda,Bogan,"40 Kemmer Islands Apt. 343",enim,Ligao,Indiana,"Saint Helena",843-691-599,417-025-565,"Herzog Inc",http://bins.com/repellat-assumenda-officiis-eius-aliquid-est,"Welding Machine Operator",Coral,2001-01-13,benedict59@morar.info,426nj4PUU^qOy
5f9fd439-3de1-334f-a143-3beba9a80b30,Prof.,Horacio,O'Reilly,"90A Krajcik Pine Suite 259",a,Marikina,Connecticut,Uruguay,775-780-746,977-253-120,"O'Reilly Ltd",http://www.mann.org/dolore-voluptatem-laboriosam-exercitationem-minus-dignissimos-voluptatem,"Product Safety Engineer",SeaGreen,1986-04-07,marjorie13@hotmail.com,"#tb8Y}v(4c\s0QcVm"
50aeb0d4-d8ba-3e7a-ad84-a45113a25ab9,Ms.,Vada,Hill,"52/86 Ratke Tunnel Suite 618",aut,Lipa,Iowa,Romania,721-772-228,310-898-341,Cronin-Bayer,http://www.auer.info/et-odio-exercitationem-aliquid-eveniet,Dishwasher,PapayaWhip,1987-08-27,evie.mills@hotmail.com,m]qXs1/]<;
42cdd663-cdf1-3009-b8d5-b09195c906c7,Mr.,Helena,Greenholt,"33A Prosacco Skyway",ea,"Santa Rosa",Michigan,"South Georgia and the South Sandwich Islands",166-041-987,478-504-794,Wyman-Turner,http://www.hodkiewicz.com/,"Plumber OR Pipefitter OR Steamfitter",MediumVioletRed,2013-04-09,claudia96@fritsch.org,tl4Y]ZNSp/D3ZAib
6aa6c9b2-be86-33ec-b021-8e8d71ba842f,Dr.,Jules,Graham,"44/83 Hickle Shores Apt. 366",error,Baguio,"North Dakota",Greece,552-925-236,629-799-471,"Erdman, Hansen and Medhurst",http://rosenbaum.org/et-suscipit-corrupti-in-asperiores-aut.html,"Art Director",PaleTurquoise,2007-07-03,jaycee01@gmail.com,2m}|`|0%VeW1NJ|HnXn
7a43059c-8abd-3e21-a4e0-3de21d589525,Mrs.,Kallie,Eichmann,"51A/88 Simonis Extensions",libero,Calamba,"West Virginia",Cuba,053-490-576,742-901-961,"Kuphal PLC",http://www.harris.info/,"Amusement Attendant",SlateGray,2020-09-06,kareem.lindgren@hotmail.com,"I""tA]F^P:X}ND:"
81b4010a-c6cc-3e85-93bb-322035a61af5,Prof.,Max,Spencer,"70/12 Conroy Common Suite 676",eaque,Silay,"North Carolina",Martinique,458-811-810,349-452-349,"Carroll, Luettgen and Marvin",http://erdman.com/ex-aut-veniam-unde-voluptatem-soluta-consequatur-sed-asperiores,"Motor Vehicle Operator",FloralWhite,2001-10-05,vena.prosacco@gmail.com,wEhV3/sW(5/;<b
7d8c44cb-a2d8-3e58-abbc-86cff9811934,Mrs.,Adalberto,Carroll,"00A Morar Springs",ut,"El Salvador",Vermont,Anguilla,596-142-593,428-196-287,"Simonis Group",http://www.shanahan.net/ea-qui-modi-est.html,"Political Science Teacher",LightYellow,1971-05-20,tavares99@yahoo.com,"\f6_n>(H+y89"
9fee2f0a-bc28-3da5-b485-832641ada120,Mr.,Dandre,Schuppe,"31 Kerluke Ville Suite 283",quia,Tacloban,Florida,"Svalbard & Jan Mayen Islands",978-069-421,410-092-628,"Hill LLC",http://waters.com/minima-aliquid-debitis-animi-exercitationem,"Crushing Grinding Machine Operator",Yellow,1996-09-11,vschultz@gmail.com,Pb5_Ms(v+nej&g0r2Y
837030b2-6d55-33b9-99a5-fb77ab6ac2e0,Mr.,Amos,Hand,"46A Rice Centers",dolorem,Olongapo,Hawaii,Tajikistan,661-300-303,912-711-674,"Ledner Ltd",http://www.bins.com/rem-qui-possimus-nesciunt-nemo,"Surveying Technician",Fuchsia,2012-12-13,hertha54@pacocha.org,"3]hGof8,D.3K4@"
eec53bbe-3c75-332b-9ef7-deabc9e2f208,Ms.,Elbert,Lebsack,"22A/96 Schamberger Pines",aut,Calamba,Pennsylvania,Egypt,044-137-822,082-037-847,"Wunsch and Sons",https://ward.com/nam-et-est-et.html,"Aerospace Engineer",MediumSpringGreen,2017-12-19,velda.lockman@yahoo.com,'Kg+7Krcyi^1
5b3115c7-fbf9-315e-9e82-a8dd2573fb31,Prof.,Toy,McKenzie,"14A/57 Walker Ramp",distinctio,"Surigao City",Florida,Malawi,703-119-417,493-744-436,"Rogahn, Predovic and King",http://www.stroman.org/ipsum-dolores-asperiores-iste-possimus-ipsum-dignissimos-quibusdam.html,Stonemason,FireBrick,1977-03-28,alisha.green@kuhic.net,HmiHvTq%$5b}
2c5b2df9-8845-38bb-a662-6756c1d40c7e,Miss,Khalil,Schuppe,"12 Schumm Islands",possimus,Antipolo,Virginia,Honduras,364-515-441,963-884-845,"Durgan, Schimmel and Olson",http://www.armstrong.com/vel-exercitationem-dolorem-sint-reiciendis-enim,"Network Admin OR Computer Systems Administrator",Fuchsia,2010-04-29,wiza.shanelle@yahoo.com,eUiXa5a6`S550HJ3>TPJ
b2be0d40-f656-3471-b33a-0ba3a2a26e71,Dr.,Nyasia,Hackett,"81A/05 Lynch Lodge",perspiciatis,Alaminos,Tennessee,Turkey,309-355-656,477-629-328,Harris-Hagenes,http://www.tillman.com/officia-debitis-tempora-architecto-quos-reiciendis-rerum.html,"Computer Systems Analyst",AliceBlue,2013-09-03,reba.collins@veum.net,G-L<LIc^4l
34555565-d58c-3121-99a7-36a18905b904,Prof.,Aracely,Kshlerin,"62 Corwin Forge",cupiditate,"Trece Martires",Oregon,"United States Virgin Islands",454-433-138,046-125-173,"Lowe, Rolfson and Beahan",https://www.swift.com/laborum-eum-quasi-consectetur-inventore,"Grinding Machine Operator",Chocolate,1981-07-24,jacquelyn.smith@murphy.com,|T3HsI/-`&1tWLztr}O-
52f36f25-984f-394b-9710-1debb11a83de,Miss,Candace,Waters,"93 Rice Avenue",in,Iriga,Utah,"Pitcairn Islands",692-057-033,426-318-472,Treutel-Schmeler,http://www.stark.info/,"Automotive Glass Installers",PaleTurquoise,1995-04-10,bednar.jaren@mann.com,"N#7\R8G:?#B?QZ"
cc3094db-e025-307c-9ff8-4fa4e65422d7,Ms.,Beaulah,Crooks,"94A Robel Valleys Suite 692",velit,Mandaue,Georgia,Swaziland,826-583-877,826-242-649,"Bernier, Leffler and McGlynn",https://conn.biz/iure-ipsa-eaque-qui-earum-et-quibusdam.html,"Cardiovascular Technologist",LimeGreen,1996-08-31,gayle35@yahoo.com,"-B]0b_R>n,"
aa1c03f9-2074-39ba-babe-51104c95a214,Dr.,Zack,Bogisich,"19A/48 Steuber Groves",est,Butuan,Delaware,"Holy See (Vatican City State)",701-274-584,144-319-253,"Turner Ltd",http://marquardt.com/,"Locomotive Firer",MistyRose,2004-06-19,aaron.beahan@hotmail.com,7TN6)gcs
4670b35d-c154-3c02-be17-4af49fd42d46,Prof.,Asa,Boyle,"32/21 Wiegand Tunnel Apt. 390",mollitia,"General Santos",Illinois,"Pitcairn Islands",150-259-582,284-652-481,"Haag, Klein and Leuschke",https://www.brown.com/ab-ullam-ad-est-laborum,"Event Planner",Orchid,1989-10-09,klocko.edwin@yahoo.com,"3L]pTrh]AX+A]1Y\"
c27f13af-ac9a-31ee-af62-26193fea5008,Dr.,Myriam,Jacobson,"36A Witting Causeway",adipisci,"Iloilo City",Wisconsin,Jamaica,136-938-384,498-673-859,Wisoky-Shields,http://parisian.com/quia-molestiae-necessitatibus-suscipit.html,Photoengraver,Moccasin,1991-02-23,veum.antwon@gmail.com,?mCvisokD
c5dee89c-2cef-3794-9ce2-65e69ad67164,Miss,Cordell,Gibson,"20A Shanahan Way Suite 928",temporibus,Mandaluyong,"New Hampshire",Uzbekistan,178-166-845,172-033-810,Kuhic-Cummings,http://www.lockman.com/,"Photographic Processing Machine Operator",LightCyan,1976-06-03,cale.beahan@swaniawski.com,2G<eM^'L:
763b5977-45f6-3279-a93b-343a8721cc2c,Mrs.,Sim,Conroy,"04A Jacobson Road Suite 498",iste,"Surigao City",Maine,Luxembourg,509-687-847,457-030-305,Fritsch-Mueller,http://conroy.com/repudiandae-est-aspernatur-facilis-reiciendis-voluptatem-enim.html,"Anthropologist OR Archeologist",RoyalBlue,1979-04-02,sschoen@koch.com,G3?k&^~ic*a'
d620317d-a290-332d-b011-f048f84c9f61,Prof.,Heaven,Steuber,"24A Welch Trail",dolores,"Quezon City","New Mexico","United States Minor Outlying Islands",474-310-461,748-613-560,McClure-Runte,https://www.gibson.org/minus-a-corporis-quia-nobis-libero-fugit-molestiae,"Safety Engineer",Peru,2006-06-25,hauck.zachery@gmail.com,V5xQQ`yH1*k>-O_M{xy$
9eaa3b36-246a-3ace-9a69-3268b15eada3,Prof.,Zoila,Harris,"10A Turcotte Springs Suite 156",dolorum,Biñan,Missouri,Kenya,250-150-161,508-376-768,"Abbott, Shields and Willms",https://www.flatley.com/ab-nobis-assumenda-voluptas-quasi-nesciunt-dolore-velit,"Software Engineer",HotPink,1996-03-29,wsenger@fisher.net,tM2'Nb~|-B;4
f91bca2b-68aa-3230-809d-10f0cbf391f9,Miss,Scarlett,Abbott,"28 Kihn Lakes Suite 411",quia,Urdaneta,Oregon,Samoa,067-621-632,232-020-308,"Paucek, Hirthe and Effertz",http://mckenzie.com/iusto-dolorem-autem-ullam-et,"Gaming Manager",DarkMagenta,1992-10-22,considine.eleanore@marvin.com,pw-ImcsHg
903dd0c7-e112-3b5f-9ddc-1751360173f5,Dr.,Cleta,West,"89A Haley Club Suite 767",incidunt,Dasmariñas,Florida,Belize,214-609-926,944-667-228,"Mertz Ltd",http://kuvalis.com/,"Production Control Manager",LightGray,1981-03-18,jokuneva@bogisich.com,"Ti+6Q+-7iF\YS"
f8f8fc3f-3f92-3145-885c-aa21c53cbe35,Dr.,Leonel,Ankunding,"52/79 Kuhn Path",aperiam,"El Salvador","New Hampshire",Hungary,299-585-600,517-446-934,Kozey-Gerhold,http://schoen.com/numquam-asperiores-cupiditate-non-accusamus-quia-est,Cartographer,NavajoWhite,1985-05-31,destiney21@yundt.com,"b8a$^peP,,g"
